restaurant_name,review_id,review_text,review_rating,review_timestamp,reviewer_id,reviewer_total_reviews,reviewer_is_local_guide
Hải sản Hùng Trường Sa,Ci9DQUlRQUNvZENodHljRjlvT21WVVEweG5XV294UkdOT1JuWnRWMHhXT0ROelRHYxAB,"Đi ăn nhà hàng hải sản sợ nhất quả cân điêu độn thêm dây buộc dày cộp ngậm nước, nhưng ở Hùng Trường Sa 328 Thái Hà thì an tâm tuyệt đối. Dây đay mỏng dính, khô ráo, cam kết cân chuẩn chỉnh.",5,2026-05-30T09:46:44.387Z,user_19650,17,0
Hải sản Hùng Trường Sa,Ci9DQUlRQUNvZENodHljRjlvT2tGTE9UQlFZV0pFV0UxMU9HZFJVakpNV21kMlZHYxAB,"Hải sản ngon nha mn tươi ăn hợp vị ghê ấy , nv nhiệt tình dễ thương",5,2026-05-30T09:46:10.497Z,user_48391,90,0
Hải sản Hùng Trường Sa,Ci9DQUlRQUNvZENodHljRjlvT214TFlYZFRRazVxUVU1SlUzZG1XalpUVWpsbVFrRRAB,"Thái độ nhân viên hơi kém, gọi thêm đồ mà mãi không thấy mang lên. Được cái đồ ăn cứu vớt lại khá ngon.",1,2026-05-30T09:35:52.671Z,user_13930,94,0
Hải sản Hùng Trường Sa,Ci9DQUlRQUNvZENodHljRjlvT21Fd1EySkpZVlEzUnpBNVpIbHJlbkYwVEV0aE1rRRAB,"Nước chấm hơi ngọt quá không hợp gu người Bắc lắm. Thịt nướng thơm, mềm, đóng gói cẩn thận.",5,2026-05-30T09:34:10.820Z,user_10006,107,1
Hải sản Hùng Trường Sa,Ci9DQUlRQUNvZENodHljRjlvT2psTFNEQjRVbkpXWWxsWlNucFNkVE53ZGtaU1pYYxAB,đồ hải sản ở đây ngon tươi hợp khẩu vị nên đếnnnn trảiii nghiệmm nhaaa mọi ngườiii,5,2026-05-30T09:32:12.828Z,user_48049,108,1
Hải sản Hùng Trường Sa,Ci9DQUlRQUNvZENodHljRjlvT2t0clQyRmFTVVZsV2tWcVpHZHBSbEI1TVV0QlJHYxAB,ồ chaooo đồ hải sản ngonn tươii rất hợp khẩu vị 10đ choo phục vụ hoà đồng hoạt bát rất ưng sẽ ghé lại,5,2026-05-30T09:31:57.977Z,user_55454,9,0
Hải sản Hùng Trường Sa,Ci9DQUlRQUNvZENodHljRjlvT201M1pFUTJZbEJzWXpGUlh6QjZkRXBwYjFwMGJVRRAB,"Đồ ăn ngon,chất lượng phục vụ ok,giá cả hợp lí",5,2026-05-30T09:14:49.426Z,user_59235,59,1
Hải sản Hùng Trường Sa,Ci9DQUlRQUNvZENodHljRjlvT2poSFZtWlZaSGROWlZoWlFtNWpkbkJyVWtvek1GRRAB,Ai nghiên hải sản thì nhớ ghé qua đây nhé. Siêu nhiều hải sản luôn,5,2026-05-30T08:30:39.281Z,user_84150,40,0
Hải sản Hùng Trường Sa,Ci9DQUlRQUNvZENodHljRjlvT25WU1VqQlFlbUpYVkZGWU1qWnJXVjkxU0VOV1VWRRAB,"Đồ ăn ngon, nhân viên phục vụ chu đáo nhiệt tình. Điểm trừ là cuối tuần hơi đông nên phải chờ bàn hơi lâu.",1,2026-05-30T05:23:41.623Z,user_92028,50,0
Hải sản Hùng Trường Sa,Ci9DQUlRQUNvZENodHljRjlvT21kS1UyRXdYMmhTZVdvdFRURlVNVGxaWlVVMExVRRAB,"Nhân viên quán láo vô cùng , thái độ làm việc thiếu trách nhiệm !",1,2026-05-30T04:54:19.924Z,user_40344,79,1
Hải sản Hùng Trường Sa,Ci9DQUlRQUNvZENodHljRjlvT25VdFNXa3lZbk4zUTA5aU5uUnhXRkpQY0UwNE1YYxAB,"Giao hàng nhanh shipper thân thiện, đồ ăn ngon rẻ sạch sẽ đóng gói kỹ, nên mua nha cả nhà!",5,2026-05-30T04:21:48.547Z,user_clone_67959,2,0
Hải sản Hùng Trường Sa,Ci9DQUlRQUNvZENodHljRjlvT25wVE5rWkhUbGRYT1RWTUxUUlpUMTlLYUY5NlJuYxAB,"Phù hợp cho gia đình, tiếp khách, tiệc, sinh nhật. Không gian rộng rãi, đồ ăn phong phú, hải sản tươi.",5,2026-05-29T06:15:13.082Z,user_clone_44531,1,0
Hải sản Hùng Trường Sa,Ci9DQUlRQUNvZENodHljRjlvT2tkMWFVVnJiV1JMZFMxcmRWOHhSemRpUkVkTVZsRRAB,Hải sản rất tươi ngon,5,2026-05-27T12:03:22.099Z,user_clone_73636,2,0
Hải sản Hùng Trường Sa,Ci9DQUlRQUNvZENodHljRjlvT2paNVVsVktUMDFPVVhacVkxY3daWEkxU0d4UVFrRRAB,Đồ ăn rất ngon tuy nhiên cũng hơi đắt.,5,2026-02-24T05:28:13.205Z,user_61409,95,0
Hải sản Hùng Trường Sa,Ci9DQUlRQUNvZENodHljRjlvT2tsWmFqRTFNRmR4Y0hrMWFIRTROR1J6ZGpObk0xRRAB,"Không gian quán rộng rãi thoáng mát, view chụp ảnh khá đẹp. Món ăn lên nhanh nhưng sườn hơi dai một tí.",4,2026-02-18T16:48:46.878Z,user_34911,94,0
Hải sản Hùng Trường Sa,Ci9DQUlRQUNvZENodHljRjlvT2xkSWN6ZFVXRU5WVWxGb01GSjFWM2Q2UmtWU05XYxAB,Đồ ăn ngon giá cả okay nhưng nhân viên chưa biết đưa lời khuyên cho kh hàng . Mình đi 2 người và ko biết lượng đồ ăn ntn là nhiều hay ít có hỏi qua nv order nhưng bạn ấy bảo là bát nhỏ v..v nên mình đã order quá nhiều so với sức ăn của 2 người . Hi vọng nhân viên biết đưa ra lời khuyên cho kh hàng để cải thiện dịch vụ,4,2026-02-07T08:40:20.254Z,user_24066,50,0
Hải sản Hùng Trường Sa,Ci9DQUlRQUNvZENodHljRjlvT201c1EySlljekZRWVVsQ1NFdHNhekZHUm5NeE1HYxAB,"Nước chấm hơi ngọt quá không hợp gu người Bắc lắm. Thịt nướng thơm, mềm, đóng gói cẩn thận.",5,2026-01-29T12:02:49.133Z,user_30187,25,0
Hải sản Hùng Trường Sa,Ci9DQUlRQUNvZENodHljRjlvT25KRVduTjVkMUpUV2xSc2RFWkdNMFJWV1ROWmFuYxAB,"Đồ ăn ngon, nhân viên phục vụ chu đáo nhiệt tình. Điểm trừ là cuối tuần hơi đông nên phải chờ bàn hơi lâu.",4,2026-01-11T10:07:19.467Z,user_54599,90,0
Hải sản Hùng Trường Sa,Ci9DQUlRQUNvZENodHljRjlvT25obllqUktNMUZPWkhGb2MyVmZiRTVWWlhCd1oxRRAB,Mình không ăn tại cửa hàng mà mua về. Tôm mua về hấp ăn ngon tuyệt vời. Giá cũng khá cạnh tranh so với các cửa hàng hải sản khác.,5,2025-12-06T10:18:26.330Z,user_clone_83337,1,0
Hải sản Hùng Trường Sa,Ci9DQUlRQUNvZENodHljRjlvT25OQlJVMXJkMWN5WldGTGNGQnpkVkprU2toa2VsRRAB,"Đồ ăn ngon, nhân viên phục vụ chu đáo nhiệt tình. Điểm trừ là cuối tuần hơi đông nên phải chờ bàn hơi lâu.",5,2025-11-24T06:53:46.080Z,user_27948,33,0
Hải sản Hùng Trường Sa,Ci9DQUlRQUNvZENodHljRjlvT21aVU5YbElNM0ZmYkRab2RGbGpiMFpYYzNCWlRGRRAB,Khá OK. Nhân viên nhiệt tình,4,2025-11-22T16:18:38.565Z,user_57015,115,1
Hải sản Hùng Trường Sa,Ci9DQUlRQUNvZENodHljRjlvT214bU5GWkhjRGxpTlRNNGMyOVVWRm96VVc5ZllYYxAB,"Không gian quán rộng rãi thoáng mát, view chụp ảnh khá đẹp. Món ăn lên nhanh nhưng sườn hơi dai một tí.",3,2025-11-16T11:20:24.885Z,user_73525,40,0
Hải sản Hùng Trường Sa,Ci9DQUlRQUNvZENodHljRjlvT21aclUwd3lPR3RQVDFkcUxXVkpSRjlpYlRoR2RVRRAB,"Không gian quán rộng rãi thoáng mát, view chụp ảnh khá đẹp. Món ăn lên nhanh nhưng sườn hơi dai một tí.",4,2025-11-12T11:32:34.226Z,user_90110,72,1
Hải sản Hùng Trường Sa,Ci9DQUlRQUNvZENodHljRjlvT2xNemRsUmhWRGxtZGtGRGVXWm9YMlJOUlRKaFZHYxAB,"Vị ăn tạm ổn, không có gì quá xuất sắc nhưng sạch sẽ. Sẽ quay lại nếu có dịp đi cùng gia đình.",4,2025-10-24T12:39:28.274Z,user_35109,9,0
Hải sản Hùng Trường Sa,Ci9DQUlRQUNvZENodHljRjlvT2t0bGVHUjZkVUYyTFZGRWQxSkZTbUpsWkUwd1owRRAB,"Vị ăn tạm ổn, không có gì quá xuất sắc nhưng sạch sẽ. Sẽ quay lại nếu có dịp đi cùng gia đình.",3,2025-09-17T13:31:15.384Z,user_32268,50,0
Hải sản Hùng Trường Sa,Ci9DQUlRQUNvZENodHljRjlvT2pKakxVcFdhV1JqVldwR1VrdE5TalZXT0hCclgwRRAB,Ngầu,5,2025-09-15T07:09:48.301Z,user_clone_34413,1,0
Hải sản Hùng Trường Sa,Ci9DQUlRQUNvZENodHljRjlvT2s5S05IcFlZbGhTTUhaWE9VSm5jaTFYVjJOdk5YYxAB,Rất tuyệt vời,5,2025-09-13T09:47:57.444Z,user_clone_31802,2,0
Hải sản Hùng Trường Sa,Ci9DQUlRQUNvZENodHljRjlvT2tWaGNXUnBTbXRFV1dKSGIweFVTbUU0YURkcFlrRRAB,"Hải Sản ở đây đa dạng nhiều thứ,giá cũng hợp lý.
Mình vào được nv giới thiệu con bọ biển(lần đầu nghe). Chế biến nướng mọi thịt ngọt và thơm ra phết.",5,2025-09-13T09:08:42.215Z,user_38783,59,0
Hải sản Hùng Trường Sa,ChZDSUhNMG9nS0VJQ0FnSUN4LThYcUlBEAE,"Đồ ăn ngon tuyệt vời, đóng gói cẩn thận sạch sẽ, giao hàng siêu nhanh luôn á, sẽ ủng hộ tiếp.",5,2025-09-13T09:03:21.960Z,user_clone_11927,1,0
Hải sản Hùng Trường Sa,ChdDSUhNMG9nS0VJQ0FnSURweU1tODNnRRAB,Tuyệt vời 🩵,5,2025-09-13T09:01:44.381Z,user_64050,77,0
Hải sản Hùng Trường Sa,Ci9DQUlRQUNvZENodHljRjlvT25kalYwMVZSR3h5TVhSMFJtdGtZVTFOUWtndGRuYxAB,"Đồ ăn tươi ngon, không gian rộng rãi",5,2025-09-13T08:59:12.006Z,user_clone_94661,2,0
Hải sản Hùng Trường Sa,Ci9DQUlRQUNvZENodHljRjlvT21oTmJHTnNNSEozYm1KclRXSXpZelZhTWpJemVFRRAB,Hải sản rất chất lượng và đa dạng,5,2025-09-13T08:54:46.078Z,user_88098,72,1
Hải sản Hùng Trường Sa,Ci9DQUlRQUNvZENodHljRjlvT21GWFYzVjVOakpoUjBGRlEzWjJhV1pqV0V0bFRGRRAB,"không gian nhà hàng rất đẹp, rộng rãi và có phòng riêng tư nữa, mình sẽ quay lại đây khi có dịp",5,2025-09-13T08:53:54.405Z,user_41934,19,0
Hải sản Hùng Trường Sa,Ci9DQUlRQUNvZENodHljRjlvT2pGVVkzRkJTVFZSY2paa1dEZG1WR3h1WjB4dExWRRAB,"Ăn buffet ở đây khá hời, nhiều món lựa chọn, hải sản tươi. Sẽ giới thiệu cho bạn bè.",4,2025-08-23T13:35:06.031Z,user_56962,83,0
Hải sản Hùng Trường Sa,Ci9DQUlRQUNvZENodHljRjlvT2xGR2VtdGtPRXRUTW1VMmNFUllVMmxZYXpsbVNIYxAB," Nằm ngay mặt đường Thái Hà, rất dễ tìm.
- Phục vụ nhanh, nhiệt tình.Món ăn ngon, chất lượng.",5,2025-08-09T14:11:41.931Z,user_84365,22,1
Hải sản Hùng Trường Sa,Ci9DQUlRQUNvZENodHljRjlvT2tkdWFVTm5SVGcxZUVkME5uQnViWHBGWWxaWlRrRRAB,"Quán sạch sẽ đồ ăn ngon, shipper giao nhanh nhiệt tình, đóng gói rất kỹ, 10 điểm uy tín cả nhà ơi.",5,2025-08-05T09:52:06.024Z,user_clone_41012,2,0
Hải sản Hùng Trường Sa,Ci9DQUlRQUNvZENodHljRjlvT2w5S1h5MXZPRGRpTFdseE1WUk1iMUZGYWxkVGFtYxAB,Dịch vụ tốt. view đẹp. Đã đến 1 lần và sẽ đến tiếp.,5,2025-07-30T05:18:40.916Z,user_35455,55,1
Hải sản Hùng Trường Sa,ChZDSUhNMG9nS0VJQ0FnSURweU5tTVl3EAE,"Đồ ăn ngon, nhân viên nhiệt tình tư vấn món, không gian tạo cảm giác thoải mái",5,2025-07-30T05:15:58.794Z,user_35032,60,0
Hải sản Hùng Trường Sa,Ci9DQUlRQUNvZENodHljRjlvT21kb2NXMTROWGR6ZWxSWVlUaHhVRlZLTURkdkxVRRAB,"Vị ăn tạm ổn, không có gì quá xuất sắc nhưng sạch sẽ. Sẽ quay lại nếu có dịp đi cùng gia đình.",3,2025-07-29T12:08:01.910Z,user_29893,89,0
Hải sản Hùng Trường Sa,Ci9DQUlRQUNvZENodHljRjlvT2pWRVNubEdjSGxtVW1KS1RrOVBNMlE1U0hwNFEyYxAB,"Thái độ nhân viên hơi kém, gọi thêm đồ mà mãi không thấy mang lên. Được cái đồ ăn cứu vớt lại khá ngon.",5,2025-07-21T05:06:40.228Z,user_17023,17,1
Hải sản Hùng Trường Sa,Ci9DQUlRQUNvZENodHljRjlvT21rdFprZFFRVnBVYWtKRmNWcGlWbmt6TkU1SE1GRRAB,Nhà hàng tuy ko khang trang đẹp đẽ mơ mộng nhưng đồ ăn thì quá chất,5,2025-07-09T02:26:37.053Z,user_89237,14,0
Hải sản Hùng Trường Sa,Ci9DQUlRQUNvZENodHljRjlvT2xoUk1tNHlPV1J5ZVd0UGIwazFVMGhKT1hrMVdFRRAB,"Không gian quán rộng rãi thoáng mát, view chụp ảnh khá đẹp. Món ăn lên nhanh nhưng sườn hơi dai một tí.",4,2025-07-05T14:32:48.000Z,user_61065,70,0
Hải sản Hùng Trường Sa,Ci9DQUlRQUNvZENodHljRjlvT2tNM1RtbFRRbGRtZDNGMFZ6WklabUpZWXpNME1uYxAB,"Ăn một lần rồi nhớ nãi, khủng khiếp",1,2025-06-21T12:49:18.380Z,user_38844,44,0
Hải sản Hùng Trường Sa,Ci9DQUlRQUNvZENodHljRjlvT2kxYU5UbFBWa3RSYVhkVmJXWlBZbGR3UzNKQ2FHYxAB,"Quá đắt, phục vụ lâu, không bao giờ quay lại",1,2025-06-19T15:08:50.713Z,user_93154,65,1
Hải sản Hùng Trường Sa,Ci9DQUlRQUNvZENodHljRjlvT2s1QmJHUndVWE0yTmpWaU1YUlpWWEZrTWprM0xXYxAB,"Nước chấm hơi ngọt quá không hợp gu người Bắc lắm. Thịt nướng thơm, mềm, đóng gói cẩn thận.",4,2025-06-13T06:09:40.393Z,user_85682,9,0
Hải sản Hùng Trường Sa,Ci9DQUlRQUNvZENodHljRjlvT205V09IUXdUR1pJT0VodU9WbHBXazltZG05d1UwRRAB,"Thái độ nhân viên hơi kém, gọi thêm đồ mà mãi không thấy mang lên. Được cái đồ ăn cứu vớt lại khá ngon.",5,2025-06-08T14:24:46.623Z,user_86377,9,0
Hải sản Hùng Trường Sa,ChZDSUhNMG9nS0VNZlNzNDdzMnFXRllREAE,"Không gian rộng rãi , tầng 4 ngồi cực chill , nhân viên xinh gái , có mấy e vếu rất to",5,2025-06-05T12:55:31.087Z,user_53794,86,0
Hải sản Hùng Trường Sa,ChZDSUhNMG9nS0VQZkl3OFNSeF8zc0F3EAE,"Hôm nay, mình ""lượn"" qua một nhà hàng hải sản mà phải nói là nhìn cái mặt tiền đã thấy sang trọng rồi! So với mấy quán hải sản kiểu ""bình dân"" khác thì em nó đúng là ""một chín một mười"" về khoản decor. Bước vào trong thì ôi thôi, không gian rộng thênh thang, tha hồ mà ""nhảy nhót"" hay tổ chức tiệc tùng.

Về đồ ăn, quán phục vụ theo set nên cứ gọi là ""ngập mặt"" hải sản, ăn no căng rốn, thở không nổi luôn. Vị thì vừa phải, dễ ăn, không quá đậm đà nhưng cũng không nhạt nhẽo. Ai mà ""ăn khỏe"" thì đây đúng là ""chân ái"" rồi! Mà cái giá cả thì mình thấy rất hợp lý cho một bữa hải sản ""toàn tập"" như vậy.

Tuy nhiên, ""điểm gợn"" ở đây chính là... đội ngũ phục vụ! Mình phải dùng từ là ""củ chuối chấm muối"" cho nó đúng điệu. Kiểu như ""Hà Nội không vội được đâu anh ei""!  Có lẽ, các bạn nhân viên ở đây đang theo chủ nghĩa ""sống chậm"" chăng? Đồ ăn ra chậm đã đành, đến lúc gọi thêm thứ gì đó thì cứ như ""mòn mỏi chờ đợi người yêu cũ quay về"" vậy. Xong rồi đôi khi còn thấy hơi ""lạc trôi"" giữa không gian rộng lớn, không biết phải phản ứng sao cho phải phép. Thôi thì cũng thông cảm, chắc các bạn ấy đang bận ""chìm đắm trong suy tư"" về cuộc đời, hay đang ""tập thiền"" để giữ bình tĩnh trước áp lực công việc chẳng hạn? 😂

Nói chung, nếu bạn là một ""tín đồ"" của hải sản và không quá ""khó tính"" với chuyện phục vụ thì đây vẫn là một lựa chọn đáng để thử. Cứ coi như đi ăn hải sản xong còn được bonus thêm màn ""nghệ thuật sắp đặt"" của các bạn nhân viên vậy!",4,2025-06-05T07:19:53.600Z,user_64998,93,0
King Bbq Buffet,Ci9DQUlRQUNvZENodHljRjlvT2tWd2JWTlVValo2T0ZCRmRHdzNNVTVOV1dKRFZFRRAB,"Không gian quán rộng rãi thoáng mát, view chụp ảnh khá đẹp. Món ăn lên nhanh nhưng sườn hơi dai một tí.",5,2025-09-08T12:58:02.279Z,user_73220,49,0
King Bbq Buffet,Ci9DQUlRQUNvZENodHljRjlvT21KM2VuaGtkV0p0V1hnMWNXbHlZVXQzY1dRMVVXYxAB,Tệ! Không bb quay lại,1,2025-09-02T05:33:41.622Z,user_96858,27,1
King Bbq Buffet,Ci9DQUlRQUNvZENodHljRjlvT2tWalJEUndSVlZaYWt4Q2FVZG5WWEpxWmxoTWQyYxAB,"Ăn buffet ở đây khá hời, nhiều món lựa chọn, hải sản tươi. Sẽ giới thiệu cho bạn bè.",5,2025-08-29T14:58:42.420Z,user_70171,81,0
King Bbq Buffet,Ci9DQUlRQUNvZENodHljRjlvT21sMFRrdzJXRmQzVWxOWFNrNUxja2RhVEdwV2FYYxAB,"Đồ ăn ngon, nhân viên phục vụ chu đáo nhiệt tình. Điểm trừ là cuối tuần hơi đông nên phải chờ bàn hơi lâu.",1,2025-08-19T14:41:30.034Z,user_41638,21,1
King Bbq Buffet,Ci9DQUlRQUNvZENodHljRjlvT2xKeWFrMHRTbVp6VFV3MU9HcFBPSFp1VjBWZk1WRRAB,"Thái độ nhân viên hơi kém, gọi thêm đồ mà mãi không thấy mang lên. Được cái đồ ăn cứu vớt lại khá ngon.",5,2025-08-07T11:19:16.353Z,user_10799,91,1
King Bbq Buffet,Ci9DQUlRQUNvZENodHljRjlvT2pkM1lUY3RTR3R5ZUVGWVZETTJaM05qUVRjeFMyYxAB,"Quán sạch sẽ đồ ăn ngon, shipper giao nhanh nhiệt tình, đóng gói rất kỹ, 10 điểm uy tín cả nhà ơi.",5,2025-08-07T11:17:52.983Z,user_clone_94636,2,0
Bay Seafood Buffet Hồ Gươm - 14 Tông Đản,Ci9DQUlRQUNvZENodHljRjlvT2xBNFZFTnFkMWcxWlZsa1dXVkpYMXA2V0VWV2JrRRAB,"Ăn buffet ở đây khá hời, nhiều món lựa chọn, hải sản tươi. Sẽ giới thiệu cho bạn bè.",4,2026-05-30T07:07:30.397Z,user_63888,114,0
Bay Seafood Buffet Hồ Gươm - 14 Tông Đản,Ci9DQUlRQUNvZENodHljRjlvT20xUVZFbDJaMDVaVmxaZlJHVnlkalJKZVc0dFVGRRAB,"Quán ăn ngon, đóng gói sạch sẽ cẩn thận, shipper giao nhanh, mọi người nên mua nha!!",5,2026-05-26T14:45:55.598Z,user_clone_50691,2,0
Bay Seafood Buffet Hồ Gươm - 14 Tông Đản,Ci9DQUlRQUNvZENodHljRjlvT2xsRk0wVTJRakZrVkVaVlVsOVJSemx2TFVoYVpWRRAB,nên trải nghiệm,5,2026-05-23T23:59:10.169Z,user_clone_17211,2,0
Bay Seafood Buffet Hồ Gươm - 14 Tông Đản,Ci9DQUlRQUNvZENodHljRjlvT2pWeU5VRnBaMDVIY2pCRFlXMWpNVmQxWkdWSWFYYxAB,"Nhân viên thái độ, không gian không được sạch sẽ, bát đũa mới cảm giác vẫn còn dầu mỡ chưa sạch, đồ ăn nguội",1,2026-05-17T13:39:31.135Z,user_99173,88,0
Bay Seafood Buffet Hồ Gươm - 14 Tông Đản,Ci9DQUlRQUNvZENodHljRjlvT2xwQk5WUldOMUpXTVc5b2VTMWpZamRIU1VnNFFYYxAB,"Vị ăn tạm ổn, không có gì quá xuất sắc nhưng sạch sẽ. Sẽ quay lại nếu có dịp đi cùng gia đình.",1,2026-05-16T12:32:34.273Z,user_10564,21,0
Bay Seafood Buffet Hồ Gươm - 14 Tông Đản,Ci9DQUlRQUNvZENodHljRjlvT25RM2RFVlZkemRUY2pCcWNHeHFNR05CUkRKdlpHYxAB,"Đồ ăn ngon, nhân viên phục vụ chu đáo nhiệt tình. Điểm trừ là cuối tuần hơi đông nên phải chờ bàn hơi lâu.",1,2026-05-15T16:22:34.965Z,user_85616,114,1
Bay Seafood Buffet Hồ Gươm - 14 Tông Đản,Ci9DQUlRQUNvZENodHljRjlvT2taemRsbDVURmhyV0hCSU1WWllNMjFJY1ZKeVEyYxAB,"Mình đã ăn ở Bay Tông Đản nhiều lần nhưng thực sự hôm nay khó chịu vô cùng, nhà hàng buffet thì k tránh được những nhóm khách đông hoặc các lớp học sinh liên hoan nhưng việc nhà hàng để các bạn hát hò ầm ĩ trong không gian chung làm ảnh hưởng các khách hàng khác ( trong đó có mình) thì mình cảm thấy vô cùng không hài lòng. Sau lần này, mình và bạn bè cũng sẽ phải cân nhắc có nên quay lại đây hay không !",2,2026-05-15T14:06:10.240Z,user_53863,118,1
Bay Seafood Buffet Hồ Gươm - 14 Tông Đản,Ci9DQUlRQUNvZENodHljRjlvT2pCSlFYRk1ablF3WTB0eWRFdE9aVGROTTJzeVRXYxAB,"Vị ăn tạm ổn, không có gì quá xuất sắc nhưng sạch sẽ. Sẽ quay lại nếu có dịp đi cùng gia đình.",1,2026-05-11T14:06:14.203Z,user_28830,96,0
Bay Seafood Buffet Hồ Gươm - 14 Tông Đản,Ci9DQUlRQUNvZENodHljRjlvT2xWcE1TMTRWekZ2TUVOeFJGaG1Sek0xVm5KdGNFRRAB,"Khá ngon, đồ đa dạng, quán rộng phù hợp đi với gia đình",5,2026-05-10T00:09:47.465Z,user_93623,76,0
Bay Seafood Buffet Hồ Gươm - 14 Tông Đản,Ci9DQUlRQUNvZENodHljRjlvT2s1a1YyeDFOMVJJWlhnMldub3lZVWRGV1cxQldIYxAB,"1 năm rồi mình mới quay lại Bay ăn nhưng cảm thấy đồ ăn và dịch vụ ở đây đi xuống khá nhiều , lượng khách giảm hẳn , vì quán đón đoàn khách du lịch nhiều nên ko khí ở đấy ko khác j cái chợ . Mới khoảng 8h kém vẫn còn đông khách nhưng đồ ăn hết ko được fill cho đầy, nhiều món còn hết trắng trơn như hình mình chụp. Các món ko đa dạng và chế biến bị nhạt nhẽo, ăn bát tàu phớ nhạt thếch ra ko có tí nước đường nào . Mong quán đọc đc phản ánh này mà thay đổi !!!",2,2026-05-09T14:58:09.988Z,user_20786,8,0
Bay Seafood Buffet Hồ Gươm - 14 Tông Đản,Ci9DQUlRQUNvZENodHljRjlvT2tsc1IyaE9jMnBEVkdWQk4yZ3lNRVJTWVUxdmNuYxAB,"Tối nay tôi đến Bay Buffet lúc khoảng 7h50, vẫn còn trong giờ phục vụ buffet nhưng nhiều món đã gần như hết và không được bổ sung đầy đủ. Dù vậy, nhà hàng vẫn tiếp tục nhận khách với mức giá bình thường.

Đi buffet, khách hàng mong được trải nghiệm đầy đủ các món như quảng cáo, nhưng hôm nay nhiều món nóng, hải sản và tráng miệng chỉ còn rất ít hoặc đã hết. Nhân viên có bổ sung nhưng khá chậm, khiến trải nghiệm không được như mong đợi.",1,2026-05-07T14:35:04.397Z,user_51957,80,0
Bay Seafood Buffet Hồ Gươm - 14 Tông Đản,Ci9DQUlRQUNvZENodHljRjlvT21sdk1uSTVUUzFDYkVFelFrSTVSWFpEUWkxSWNGRRAB,"Tối nay ngày 07/05/2026 tôi có trải nghiệm không tốt tại Bay Buffet. Tôi đến ăn lúc khoảng 7h50 tối, tức vẫn còn trong khung giờ phục vụ buffet, nhưng nhiều món ăn đã gần như hết sạch, quầy đồ không được bổ sung đầy đủ nữa. Điều khiến tôi thất vọng là dù tình trạng đồ ăn đã không còn nhiều, nhà hàng vẫn tiếp tục nhận khách vào dùng buffet với mức giá như bình thường.Tôi chỉ ngồi được 30’ phải đứng lên đi về.
Khi đi buffet, điều khách hàng mong đợi là được trải nghiệm đầy đủ các món ăn như nhà hàng quảng cáo. Tuy nhiên hôm nay nhiều món nóng, hải sản và đồ tráng miệng đã hết hoặc chỉ còn lại rất ít. Nhân viên có bổ sung nhưng khá chậm và không đáng kể. Cảm giác giống như khách đến muộn phải dùng “phần còn lại”, trong khi không hề được thông báo trước về tình trạng món ăn",1,2026-05-07T14:30:31.336Z,user_85589,55,1
Bay Seafood Buffet Hồ Gươm - 14 Tông Đản,Ci9DQUlRQUNvZENodHljRjlvT2xJelVIVkZOR1EzT0hsdVVqZG1aSFJHTURZM2VtYxAB,"Hải sản cua ghẹ, tôm ăn bình thường, óp ép toàn nước. Được bánh bao vàng ăn ngon, bánh bao xanh ăn ngọt. Đồ ăn mức vừa phải, không quá nhiều",3,2026-05-04T13:30:19.623Z,user_50797,79,0
Bay Seafood Buffet Hồ Gươm - 14 Tông Đản,Ci9DQUlRQUNvZENodHljRjlvT25WNWFsZGxhMWxMVVVReVVtSjZhalZNZVdJM1VHYxAB,Đồ ăn khá ngon,4,2026-05-03T07:27:36.607Z,user_57380,115,0
Bay Seafood Buffet Hồ Gươm - 14 Tông Đản,Ci9DQUlRQUNvZENodHljRjlvT2xSamVrSkdUMDlhY0ZsbVpYVlFkVmd4WjJ4WVVHYxAB,"Chúng tôi thường ăn ở đây ít nhất một tháng một lần,hải sản tươi ngon ,nhân viên phục vụ thân thiện ,không gian thoáng đãng",5,2026-05-01T17:51:10.006Z,user_43967,14,0
Bay Seafood Buffet Hồ Gươm - 14 Tông Đản,Ci9DQUlRQUNvZENodHljRjlvT21KWlJVWlJVbDkwV2toalFWcGhUVk4zVlRWalgwRRAB,"Giao hàng nhanh shipper thân thiện, đồ ăn ngon rẻ sạch sẽ đóng gói kỹ, nên mua nha cả nhà!",5,2026-04-30T03:10:41.245Z,user_clone_75269,2,0
Bay Seafood Buffet Hồ Gươm - 14 Tông Đản,Ci9DQUlRQUNvZENodHljRjlvT2pBNE1XczFTVmN5ZW1kR1FrWkJkR2h3V0UxTk5YYxAB,"Đặt bàn trước nên không phải đợi, tuy nhiên chất lượng đồ ăn khá tệ, cua và ghẹ đều óp, không chất lượng. Các đồ ăn còn lại ở mức trung bình, không đặc sắc. Có ngày đồ ăn ổn, có ngày lại chán. Mong nhà hàng duy trì chất lượng tốt hơn",3,2026-04-29T14:22:52.696Z,user_72895,50,1
Bay Seafood Buffet Hồ Gươm - 14 Tông Đản,Ci9DQUlRQUNvZENodHljRjlvT2tFMVpuWjZiRzk0UmxWSFNXMHlkMlZEZVZndFIwRRAB,"Thái độ nhân viên phục vụ ko niềm nở, từ quản lý đến nv trả lời khách ko có kính ngữ. Các món hải sản chính lên chậm.",3,2026-04-27T06:13:32.138Z,user_87838,11,1
Bay Seafood Buffet Hồ Gươm - 14 Tông Đản,Ci9DQUlRQUNvZENodHljRjlvT2tNMUxVUm5VR1ZQY0RGeFpXZHNhVFZYTmxac1RYYxAB,"Thái độ nhân viên hơi kém, gọi thêm đồ mà mãi không thấy mang lên. Được cái đồ ăn cứu vớt lại khá ngon.",5,2026-04-26T14:08:45.265Z,user_66828,45,0
Bay Seafood Buffet Hồ Gươm - 14 Tông Đản,Ci9DQUlRQUNvZENodHljRjlvT2pGUVVqRjRSMk55TFV4aVpHMXJXRE01WkZoWlluYxAB,"Quán quen của gia đình mình, đồ ăn ở đây lúc nào cũng giữ được phong độ. Điểm 9 cho chất lượng.",1,2026-04-12T13:12:24.368Z,user_36564,94,0
Bay Seafood Buffet Hồ Gươm - 14 Tông Đản,Ci9DQUlRQUNvZENodHljRjlvT2tFeE9WOUROMmhQT0RsVE4yOHpNWE13WjNST1UwRRAB,"Ăn tối t3 ngày 7/4/2026. Tối tỏng tuần nên cũng thưa người. Tuy nhiên dù trên menu có ghi là có ghẹ nhưng hôm đi ăn thì không có ghẹ, không có bề bề, khoảng 20h thì mực mới ra. Quầy line khá ngắn so với những quán mình đã ăn trước đây (Po, CVL, Dzung). Điểm cộng là giá rẻ hơn một xíu và không thu thêm phí VAT, cua cũng nhiều thịt và to (mình ăn phải con thịt hơi không chắc nhưng bạn đi cùng thì bảo khá ngon), tôm cũng ê hề, ốc hương hấp to và gòn, các loại hàu, ngao nướng vị cũng ok. Nếu chỉ đến để tôm, cua và mấy loại nướng mỡ hành thì được, còn mấy món khác thì hơi ít.
Không gian cũng rộng rãi và trong phố nên tiện đi lại.",4,2026-04-10T04:59:53.778Z,user_45281,111,0
Bay Seafood Buffet Hồ Gươm - 14 Tông Đản,Ci9DQUlRQUNvZENodHljRjlvT2sxNFVuWm5OVjlYT1daR2FtRlBiMGhJYkRsVllYYxAB,"Ai thích Hải sản thì ngập mồm ăn. Còn người không ăn được hải sản như mình thì đúng phí tiền. Có tôm càng xanh, cua to đùng...",3,2026-04-09T07:12:35.311Z,user_21286,89,1
Bay Seafood Buffet Hồ Gươm - 14 Tông Đản,Ci9DQUlRQUNvZENodHljRjlvT2xWWlJFTmFNbk5MVTB4SlpsVlVVV2g0U1c5SU9XYxAB,"Thái độ nhân viên hơi kém, gọi thêm đồ mà mãi không thấy mang lên. Được cái đồ ăn cứu vớt lại khá ngon.",5,2026-04-01T13:27:42.954Z,user_45138,22,0
Bay Seafood Buffet Hồ Gươm - 14 Tông Đản,Ci9DQUlRQUNvZENodHljRjlvT2xObGJteFJRWGhtUzNOSmNsSmpSRVpwUlhVdFdrRRAB,"Ăn buffet ở đây khá hời, nhiều món lựa chọn, hải sản tươi. Sẽ giới thiệu cho bạn bè.",1,2026-03-31T06:34:24.600Z,user_20922,79,0
Bay Seafood Buffet Hồ Gươm - 14 Tông Đản,Ci9DQUlRQUNvZENodHljRjlvT2xCWk5HaFNTVEZPY3paamJuVjBWMEZ1WlVGTlJuYxAB,"Đồ ăn ngon, nhân viên phục vụ chu đáo nhiệt tình. Điểm trừ là cuối tuần hơi đông nên phải chờ bàn hơi lâu.",3,2026-03-27T11:14:51.455Z,user_82886,119,1
Bay Seafood Buffet Hồ Gươm - 14 Tông Đản,Ci9DQUlRQUNvZENodHljRjlvT21Sa1VIbHliVzE1ZDFaMVNtVlBjazFET0VkQmFWRRAB,"Vị ăn tạm ổn, không có gì quá xuất sắc nhưng sạch sẽ. Sẽ quay lại nếu có dịp đi cùng gia đình.",5,2026-03-25T15:13:31.746Z,user_49742,67,0
Bay Seafood Buffet Hồ Gươm - 14 Tông Đản,Ci9DQUlRQUNvZENodHljRjlvT2xaVlgzUXpaMGx1WTJWbFFVOXlkVmxGUlZnelpHYxAB,Ok,5,2026-03-22T11:51:08.681Z,user_clone_69062,2,0
Bay Seafood Buffet Hồ Gươm - 14 Tông Đản,Ci9DQUlRQUNvZENodHljRjlvT2xKclozVXpVREpDZFRkZlJuUldVMFJIZWpSdk5HYxAB,"Tạm tạm
Hơi ít món
Dọn bàn lâu",3,2026-03-21T01:32:33.163Z,user_48923,62,0
Bay Seafood Buffet Hồ Gươm - 14 Tông Đản,Ci9DQUlRQUNvZENodHljRjlvT25OamRqRTBlbkpmVXpKbFYyeFhaMWRoVG05RVJtYxAB,"Hải sản tươi ,đa dạng phong phú ,đồ ăn chế biến ngon ,đặc biệt tôm cua tươi ngon ,",5,2026-03-21T00:52:31.241Z,user_68289,93,0
Bay Seafood Buffet Hồ Gươm - 14 Tông Đản,Ci9DQUlRQUNvZENodHljRjlvT2xKclRVRmxkVTVKWmxSd2FXUmxaVUp4TlZscWFrRRAB,"8.3.2026
Vỡ trận - đồ ăn hết, phục vụ ko kịp, cua óp, tôm nguội, quầy tráng miệng cũng lanh tanh bành.
Setup nhân sự, lượng đồ ăn, phục vụ ko chuyên nghiệp",1,2026-03-08T13:11:11.810Z,user_19134,13,0
Bay Seafood Buffet Hồ Gươm - 14 Tông Đản,Ci9DQUlRQUNvZENodHljRjlvT2tvMWVETkdXRVpKYWxSTFZ6TmxUalZoVFZaUmMyYxAB,Sáng trọng - hợp lý - thân thiện,5,2026-03-08T09:44:53.745Z,user_clone_81319,1,0
Bay Seafood Buffet Hồ Gươm - 14 Tông Đản,Ci9DQUlRQUNvZENodHljRjlvT21OeExXSXhlV3gxZGw5NlUwMVRORFpsU3pkcmFGRRAB,"Cua, ghẹ ngày thường, vắng khách ọp ẹp, không được tươi cảm giác như đồ ngày hôm trước thừa. Ngày lễ đông khách đồ oke hơn.",3,2026-03-06T05:55:43.552Z,user_55543,53,0
Bay Seafood Buffet Hồ Gươm - 14 Tông Đản,Ci9DQUlRQUNvZENodHljRjlvT2tsaVprOUJWamhNVEZOalZEQnJZbTlNUWtkVFEyYxAB,"Lên HN ghé quán này ăn buffet , đồ ăn đa dạng sạch sẽ , cuối tuần phải đặt trước mới có bàn , may là tụi mình đến vào đầu tuần nên không phải đặt bàn trước.
Đồ ăn thì được bầy biện sạch sẽ chia từng khu riêng biệt cho dễ chọn món , có điều khu quầy đồ ăn tráng miệng thực sự là ít món nên không có cảm giác trọn vẹn cho các cháu nhỏ .
Nhân viên thì nhanh nhẹn và nhiệt tình .
Có dịp 30/04 lên HN sẽ quay lại",5,2026-03-03T18:34:52.002Z,user_61750,56,1
Bay Seafood Buffet Hồ Gươm - 14 Tông Đản,Ci9DQUlRQUNvZENodHljRjlvT2tscFNtVnZhMTlPVlMxRWNYZGxkRXRmVW5scU5YYxAB,Ngoăn trong top buffet hải sản trong lòng mình,5,2026-03-03T12:03:23.956Z,user_60976,112,0
Bay Seafood Buffet Hồ Gươm - 14 Tông Đản,Ci9DQUlRQUNvZENodHljRjlvT214VVQzQndXbkJyTWpoTlFYWlRjR2RNVGsxbk5FRRAB,Trải nghiệm thôi.,3,2026-02-17T12:27:39.706Z,user_95229,76,1
Bay Seafood Buffet Hồ Gươm - 14 Tông Đản,Ci9DQUlRQUNvZENodHljRjlvT2tac1lUSnpTamxSVDBOUU5IVTJTbFZvUVhKSlkyYxAB,"Thua, bỏ tiền mua kinh nghiệm lần sau biết mà né.",1,2026-02-11T14:23:53.046Z,user_86080,18,1
Bay Seafood Buffet Hồ Gươm - 14 Tông Đản,Ci9DQUlRQUNvZENodHljRjlvT2xKbVJDMUJSR3h6YTI5bFJUUTFjRWRDY1ZWdk4wRRAB,"Món không đa dạng, 8h quầy đồ ăn gần như hết, 8h30 đã thấy dọn dẹp không ra đồ nữa",2,2026-02-11T13:42:52.357Z,user_20822,27,1
Bay Seafood Buffet Hồ Gươm - 14 Tông Đản,Ci9DQUlRQUNvZENodHljRjlvT21sb2RVeHpWa1ZDZEVkcWFVWTVMVXA1V21sS1NrRRAB,"Ăn buffet ở đây khá hời, nhiều món lựa chọn, hải sản tươi. Sẽ giới thiệu cho bạn bè.",5,2026-02-11T07:57:57.202Z,user_45938,114,0
Bay Seafood Buffet Hồ Gươm - 14 Tông Đản,Ci9DQUlRQUNvZENodHljRjlvT2tvNFNIQldNRVV6V2pCUWIzRlVkV2szYzBsNmJrRRAB,Nhân viên thaia độ,2,2026-02-03T14:20:18.171Z,user_54777,18,0
Bay Seafood Buffet Hồ Gươm - 14 Tông Đản,Ci9DQUlRQUNvZENodHljRjlvT2tOaVFtTjNYMHQzY1Mxc1drVklSM041WXpWbFUxRRAB,"Đi ăn hải sản nhưng món ngon nhất là bánh bao.
Đồ ăn không thực sự quá ngon. Nhà mình đặt bàn lúc 6h tối thứ 6. Vài món ăn đã nguội dù trong nhà kín gió.
Ai đi ăn tối nên đặt bàn tầm 7h, lúc đấy đông khách. Đồ ăn nhiều, fill nhanh, ăn đến tầm 8h 8 rưỡi vẫn thoải mái.
Không gian quán khá đẹp, không ồn ào như mình nghĩ. Các bạn phục vụ cũng rất oke, dọn đĩa nhanh, gọi nước cũng nhanh.
7/10. Có thể quay lại hoặc không.",3,2026-01-23T13:46:11.631Z,user_95086,47,0
Bay Seafood Buffet Hồ Gươm - 14 Tông Đản,Ci9DQUlRQUNvZENodHljRjlvT21kRE1FOXhRa1p2VEZCVllVMTFXV2QzZFVaaVgyYxAB,"Quầy tráng miệng k đặc sắc, hoa quả, chè tự mix, donut khô
Món hải sản không tươi, nhiều món chế biến nhanh chưa chín, mình ăn bị đau bụng ỉa chảy",3,2026-01-20T15:06:46.618Z,user_65169,76,1
Bay Seafood Buffet Hồ Gươm - 14 Tông Đản,ChdDSUhNMG9nS0VJQ0FnSUM1d2ViY3BnRRAB,"Nhiều đồ đa dạng món,, tốt, cua nhiều con óp ko đc chắc cua",4,2026-01-20T11:49:17.609Z,user_59099,91,0
Bay Seafood Buffet Hồ Gươm - 14 Tông Đản,Ci9DQUlRQUNvZENodHljRjlvT2twUFgxYzBiM2N0TVdGSGVXcEZiVWRpWjFoMmJIYxAB,"Không gian quán rộng rãi thoáng mát, view chụp ảnh khá đẹp. Món ăn lên nhanh nhưng sườn hơi dai một tí.",3,2026-01-15T11:49:40.340Z,user_55176,9,0
Nhà hàng Hàn quốc GUMBOK 금복,Ci9DQUlRQUNvZENodHljRjlvT2xCV2RHNW1NVnBCY1c1TFltZGxWMGxJUzJkWlZrRRAB,"Quán ăn ngon, đóng gói sạch sẽ cẩn thận, shipper giao nhanh, mọi người nên mua nha!!",5,2026-06-01T13:37:27.375Z,user_clone_90387,1,0
Nhà hàng Hàn quốc GUMBOK 금복,Ci9DQUlRQUNvZENodHljRjlvT2tSemFrZDNlVFI2Ym5aaFNFWlhhSE5qYTA5bWNXYxAB,"Đồ ăn ngon tuyệt vời, đóng gói cẩn thận sạch sẽ, giao hàng siêu nhanh luôn á, sẽ ủng hộ tiếp.",5,2026-05-28T19:35:16.577Z,user_clone_19456,1,0
Nhà hàng Hàn quốc GUMBOK 금복,Ci9DQUlRQUNvZENodHljRjlvT21OWGEyb3pWek5pVDBOTFQzSkZMVWQwYWpsRExYYxAB,"Quán ăn đêm mở tới 1h, ngồi tại quán tới 12h
Tổng quán khá oke, không gian ấm cúng, ánh đèn vàng, đánh giá lần lượt từ cao tới thấp về đồ ăn:
- Mì tok sốt rose ngon, nhiều hành tây, có lớp phô mai phủ trên kéo sợ, sốt ngậy, tok chuẩn ko bở.
- Cơm gà mayo: siêu ngon, có chút ít sốt, nhưng ăn lại vừa phải, gà như gà nướng, rong biển rải rác.
- Cuối cùng là gà, gà thì chưa juicy lắm, lúc oder ở nhà phần gà khá mọng, còn hôm nay nhiều kiếng khá khô. Vỏ giòn, bột Rắc bột tỏi ko có vị tỏi. Cảm giác như bột đường. Khi ăn chấm tok rose cũng ổn.
Tóm lại, tok rose + cơm gà mayo 10, gà rắc bột tỏi cơ bản.",5,2026-05-27T16:34:58.653Z,user_16664,33,0
Nhà hàng Hàn quốc GUMBOK 금복,Ci9DQUlRQUNvZENodHljRjlvT21wNmRFVnBSa1JOY0RWR1VtWkxNMUpUTW1WNGExRRAB,"Mình đã sửa đánh giá sau khi đặt đơn ở quán qua Grab. Đồ ăn ngon nên mình đặt lại lần 2, tuy gặp sự cố nhưng quán đã xử lý hợp lý sau đó cho mình, mình rất đánh giá cao những điểm này của quán. Ủng hộ quán 5* ạ ❤️",5,2026-05-06T13:55:32.923Z,user_92087,62,0
Nhà hàng Hàn quốc GUMBOK 금복,Ci9DQUlRQUNvZENodHljRjlvT205RVJFZFRaa1ZHYkZkaGRqWkhVMnR2WVdSNU1tYxAB,"Thái độ nhân viên hơi kém, gọi thêm đồ mà mãi không thấy mang lên. Được cái đồ ăn cứu vớt lại khá ngon.",5,2026-04-29T13:05:48.442Z,user_66630,93,0
Nhà hàng Hàn quốc GUMBOK 금복,Ci9DQUlRQUNvZENodHljRjlvT2tWMU9ISXdSRFJtV1hVdFRuZEhZVU50UTFCRVNIYxAB,"Gà rán ngon, cơm trộn bình thường chưa đủ wow, trước đồ nhậu ở đây rất ngon nhưng giờ kh bán nữa nên hơi tiếc 🥲",5,2026-04-29T06:12:12.253Z,user_clone_39171,1,0
Nhà hàng Hàn quốc GUMBOK 금복,Ci9DQUlRQUNvZENodHljRjlvT25Kc1oya3hXRlJRVUdjeFNVeGFiblUzUzA5bk1XYxAB,Đồ ăn ngon lắm ạ,5,2026-04-28T06:41:15.558Z,user_clone_46947,2,0
Nhà hàng Hàn quốc GUMBOK 금복,Ci9DQUlRQUNvZENodHljRjlvT2tKUFNFTnpkVGx4UkhKUkxXZGFNVEJDYlcxU1VYYxAB,"Đồ ăn ngon, gà ko bị bở, nvien phục vụ tốt",5,2026-04-28T03:46:49.244Z,user_clone_34414,2,0
Nhà hàng Hàn quốc GUMBOK 금복,Ci9DQUlRQUNvZENodHljRjlvT2xWSWRHMDBkMHhWV0VSbFIybHphVzE1T1dkSk1XYxAB,"Đồ ăn ngon tuyệt vời, đóng gói cẩn thận sạch sẽ, giao hàng siêu nhanh luôn á, sẽ ủng hộ tiếp.",5,2026-04-27T11:22:40.174Z,user_clone_71019,2,0
Nhà hàng Hàn quốc GUMBOK 금복,Ci9DQUlRQUNvZENodHljRjlvT25VNFNscGpWbVZmTVcxelQwWTFSMVJsVWs5elNXYxAB,"Quán ăn rất ngon, nhân viên thân thiện, nên thử kimbab (ko có trên menu nhưng có)",5,2026-04-27T04:43:10.660Z,user_22162,87,0
Nhà hàng Hàn quốc GUMBOK 금복,Ci9DQUlRQUNvZENodHljRjlvT210VlZsSXljblpYTmtWb1ZGVjFhMUE1V1RrNVNHYxAB,Ngon ạ. Chỉ là không gian bé,5,2026-04-22T13:25:32.168Z,user_clone_42469,2,0
Nhà hàng Hàn quốc GUMBOK 금복,Ci9DQUlRQUNvZENodHljRjlvT25SaU56VjVVRVI2YUhVNFltVTNUVTFqYjNWMlVGRRAB,Món ăn ngon,5,2026-04-22T13:24:58.701Z,user_clone_18820,2,0
Nhà hàng Hàn quốc GUMBOK 금복,Ci9DQUlRQUNvZENodHljRjlvT2pCRlFXWkhaalEwYlVwaVgxYzFhalZxTlRkaU5rRRAB,"Đồ ăn ngon, suất rất đầy đặn, phục vụ nhanh",4,2026-04-21T15:33:47.675Z,user_32094,99,0
Nhà hàng Hàn quốc GUMBOK 금복,Ci9DQUlRQUNvZENodHljRjlvT21GQlNsQXlVRU4xUjJORVdUWndaVWxIYkdseExYYxAB,"Das Essen schmeckt uns gut. Unsere Gruppe hat 6 Mitglieder und alle finden es gut, vor allem das Hähnchen.",5,2026-04-21T14:17:01.391Z,user_90675,106,0
Nhà hàng Hàn quốc GUMBOK 금복,Ci9DQUlRQUNvZENodHljRjlvT2pKYWJITjVjV3RNUkVsR1N6ZE1TRVZYYUhGWVVHYxAB,"Nước lẩu đậm đà hợp vị mình, đồ nhúng tươi ngon sạch sẽ. Giá cả có hơi cao một chút nhưng xứng đáng chất lượng.",5,2026-04-21T11:34:15.877Z,user_30029,75,0
Nhà hàng Hàn quốc GUMBOK 금복,Ci9DQUlRQUNvZENodHljRjlvT21wdVdTMVZWemsxWlZoUVZGRlhZV00xU1hJMlZtYxAB,"Quán ăn ngon, đóng gói sạch sẽ cẩn thận, shipper giao nhanh, mọi người nên mua nha!!",5,2026-04-21T06:02:04.399Z,user_clone_31436,1,0
Nhà hàng Hàn quốc GUMBOK 금복,Ci9DQUlRQUNvZENodHljRjlvT2tWMGNuTldZbW80WkVwSFMzTjFkamRJVkRSRlYxRRAB,oki,5,2026-04-20T14:17:19.967Z,user_81245,113,0
Nhà hàng Hàn quốc GUMBOK 금복,Ci9DQUlRQUNvZENodHljRjlvT25ORWRXSmtlblYxYVdGMlNWRmlNa3N0TTJJMmNXYxAB,"Quán ăn không gian thoải mái, đồ ăn ngon, hợp khẩu vị, sẽ ghé lần sau",5,2026-04-15T16:07:01.404Z,user_92361,102,0
Nhà hàng Hàn quốc GUMBOK 금복,Ci9DQUlRQUNvZENodHljRjlvT2s5R2RuWlhUMlUwVGxGeFluSm9ZVzAwVm5wTFlVRRAB,"Đồ ăn ngon, phục vụ tốt, trong lúc ngồi chờ có thể ngồi gấp sao",5,2026-04-14T13:05:06.757Z,user_26058,25,0
Nhà hàng Hàn quốc GUMBOK 금복,Ci9DQUlRQUNvZENodHljRjlvT205T1NYSnFOSGwzU0dVeVpYZEdMVkp4WjJoQlRIYxAB,"Gà ở quán ngon, không bị khô ạ. Tokk sốt rose rất ngon, nên thử ạ.
Không gian bên Nguyễn Bá Khoản hơi hẹp chút nhưng yên tĩnh ạ.",5,2026-04-12T11:18:43.575Z,user_57740,24,1
Nhà hàng Hàn quốc GUMBOK 금복,Ci9DQUlRQUNvZENodHljRjlvT2pFelRHTTNSRVpHUzNONVJFeGFNRzl4YzBOcWQwRRAB,"Rất mê gà rán và mì ý sốt đặc biệt bên này nha🥰 Kiểu gà thì giòn lâu, sốt cay cay đậm đà ăn đã lắm ý có cái góp ý nho nhỏ cho bên quán là làm mì mềm hơn là hoàn hảo nha ✨",5,2026-04-12T07:06:42.626Z,user_50028,5,0
Nhà hàng Hàn quốc GUMBOK 금복,Ci9DQUlRQUNvZENodHljRjlvT25KYVNrUklkVlJFWnpSbFVGQjZNbDlxTVY5UlYxRRAB,"Không gian quán rộng rãi thoáng mát, view chụp ảnh khá đẹp. Món ăn lên nhanh nhưng sườn hơi dai một tí.",5,2026-04-12T06:45:09.225Z,user_51117,101,0
Nhà hàng Hàn quốc GUMBOK 금복,Ci9DQUlRQUNvZENodHljRjlvT25ScGJqRm9NVVZVZGxoZlZsQkpkVmxTZUhoQk4yYxAB,"Không gian của quán rất yên tĩnh, thư giãn, đồ ăn món gì cũng ngon hết Mình đánh giá 5* tất cả dịch vụ của quán 😝. Và các bạn nhân viên ở đây cũng rất dễ thương và nhiệt tình 🥹😳",5,2026-04-12T06:20:18.844Z,user_48344,119,0
Nhà hàng Hàn quốc GUMBOK 금복,Ci9DQUlRQUNvZENodHljRjlvT21SeE1UQjZkazlaUTFkMlNsVkxaakkyVm1JeWRWRRAB,Ngon,5,2026-04-11T07:41:14.435Z,user_clone_31249,1,0
Nhà hàng Hàn quốc GUMBOK 금복,Ci9DQUlRQUNvZENodHljRjlvT210eE5UWnVXRmxwVjBSWFJtaGxURlV6TkVKelQxRRAB,"Ngon, sạch sẽ, mát",5,2026-04-10T05:46:45.607Z,user_clone_32363,1,0
Nhà hàng Hàn quốc GUMBOK 금복,Ci9DQUlRQUNvZENodHljRjlvT21wbFdqWXpPSGx5WDJwNGIzVnNPVE5hTFc4M1pYYxAB,"Đồ ăn ngon, nhân viên phục vụ chu đáo nhiệt tình. Điểm trừ là cuối tuần hơi đông nên phải chờ bàn hơi lâu.",5,2026-04-09T05:13:20.196Z,user_16777,114,0
Nhà hàng Hàn quốc GUMBOK 금복,Ci9DQUlRQUNvZENodHljRjlvT2tWYWNVb3RXVTFJY2xNdE1GRmZUV3h5VGpVeGNGRRAB,"Gà siu ngonnnn, anh chủ thân thiện, đi hôj chợ đưỡ tặng 3 hộp sốt to đùng",5,2026-04-09T05:09:51.987Z,user_89664,65,1
Nhà hàng Hàn quốc GUMBOK 금복,Ci9DQUlRQUNvZENodHljRjlvT2tRNVFXeEdlbkl6TWxaMGEwUlFSa0owYm1KRFJHYxAB,"Nước lẩu đậm đà hợp vị mình, đồ nhúng tươi ngon sạch sẽ. Giá cả có hơi cao một chút nhưng xứng đáng chất lượng.",5,2026-04-08T13:59:41.475Z,user_25893,50,1
Nhà hàng Hàn quốc GUMBOK 금복,Ci9DQUlRQUNvZENodHljRjlvT2tRd01TMW1kVEJLUVVoWlVHNXJSRXREYURoUVZXYxAB,"Ăn buffet ở đây khá hời, nhiều món lựa chọn, hải sản tươi. Sẽ giới thiệu cho bạn bè.",5,2026-04-08T12:51:31.052Z,user_60615,78,0
Nhà hàng Hàn quốc GUMBOK 금복,Ci9DQUlRQUNvZENodHljRjlvT21KYWJFdExhRzgwY0ZvMFZsVmllRVJoWkhONVdFRRAB,"Quán quen của gia đình mình, đồ ăn ở đây lúc nào cũng giữ được phong độ. Điểm 9 cho chất lượng.",5,2026-04-07T12:30:31.079Z,user_93145,54,1
Nhà hàng Hàn quốc GUMBOK 금복,Ci9DQUlRQUNvZENodHljRjlvT214SUxVRlJPSFZWVEZkd1dHVnRSV2xSWVRSWVVrRRAB,"Đồ ăn ngon, hợp khẩu vi.",5,2026-04-07T12:19:16.010Z,user_62077,76,1
Nhà hàng Hàn quốc GUMBOK 금복,Ci9DQUlRQUNvZENodHljRjlvT25CWE9WbGhWVEo0UmtOQ1NubFJiRzQyY0hjd1ZsRRAB,"Không gian quán rộng rãi thoáng mát, view chụp ảnh khá đẹp. Món ăn lên nhanh nhưng sườn hơi dai một tí.",5,2026-04-06T14:18:37.078Z,user_82918,96,1
Nhà hàng Hàn quốc GUMBOK 금복,Ci9DQUlRQUNvZENodHljRjlvT25kNGJtVnhZVzFoTms5bFZXcDJWbEJGV25NM04zYxAB,"Quán quen của gia đình mình, đồ ăn ở đây lúc nào cũng giữ được phong độ. Điểm 9 cho chất lượng.",5,2026-04-06T13:59:56.374Z,user_81265,42,0
Nhà hàng Hàn quốc GUMBOK 금복,Ci9DQUlRQUNvZENodHljRjlvT2t0dVZWZHFZa1JXT0c1VE0zWXhkVkZ1VURaRE9FRRAB,Gà rán ngon,5,2026-04-05T14:15:56.698Z,user_14270,66,1
Nhà hàng Hàn quốc GUMBOK 금복,Ci9DQUlRQUNvZENodHljRjlvT2w5a05YQmxaazlrVjI1c09ISklTMlZOV2toMFFuYxAB,Đồ ăn ngon,5,2026-04-05T13:21:33.706Z,user_clone_54803,2,0
Nhà hàng Hàn quốc GUMBOK 금복,Ci9DQUlRQUNvZENodHljRjlvT25VM1gyUTRWM0pMZFVwSE5WTlVPRGRvVGpoMmFIYxAB,Dịch vụ quán rất tốt ạ,5,2026-04-05T10:17:55.037Z,user_clone_83651,2,0
Nhà hàng Hàn quốc GUMBOK 금복,Ci9DQUlRQUNvZENodHljRjlvT21Kd1dYbHZXRUZOTUdVNVNWRlBlV0pxWjNwSFJFRRAB,Đồ ăn ngon,5,2026-04-05T06:33:24.439Z,user_clone_58198,2,0
Nhà hàng Hàn quốc GUMBOK 금복,Ci9DQUlRQUNvZENodHljRjlvT25GM1N6VmtObTVWTjFwM01IZDBVbFZ2TlRWbFYzYxAB,"Thái độ nhân viên hơi kém, gọi thêm đồ mà mãi không thấy mang lên. Được cái đồ ăn cứu vớt lại khá ngon.",5,2026-04-05T06:03:03.219Z,user_70082,89,0
Nhà hàng Hàn quốc GUMBOK 금복,Ci9DQUlRQUNvZENodHljRjlvT2s5cE0wSnJWVFpsYTJoalYxRlVlV0pYU21sSFdsRRAB,"Dịch vụ tốt, món ăn ngon",5,2026-04-05T06:01:27.555Z,user_clone_79853,2,0
Nhà hàng Hàn quốc GUMBOK 금복,Ci9DQUlRQUNvZENodHljRjlvT2pNNFRFaDFiV2x3TTB4V1puTnBXVmxvYm01NlkxRRAB,"Đồ ăn ngon tuyệt vời, đóng gói cẩn thận sạch sẽ, giao hàng siêu nhanh luôn á, sẽ ủng hộ tiếp.",5,2026-04-05T05:59:42.041Z,user_clone_15710,2,0
Nhà hàng Hàn quốc GUMBOK 금복,Ci9DQUlRQUNvZENodHljRjlvT2xsb2FraGxUak53Y0doNlYxUm1hM2hPVkhsUmRYYxAB,"Gà rán ngon, cơm ngon, nhân viên nhiệt tình lắm.",5,2026-04-05T05:38:36.335Z,user_86309,30,0
Nhà hàng Hàn quốc GUMBOK 금복,Ci9DQUlRQUNvZENodHljRjlvT2xSVGNEaFFaamh6TVVwcGJYcHlSVUpCVERsU1RuYxAB,"Đồ ăn vừa miệng, chỗ để xe rộng.",4,2026-04-04T11:48:17.506Z,user_13370,16,1
Nhà hàng Hàn quốc GUMBOK 금복,Ci9DQUlRQUNvZENodHljRjlvT2psQmNrWXhUMGhPZFVjMWMyb3dhVE15TjFBNUxYYxAB,"Đồ ăn ngon, nhân viên phục vụ chu đáo nhiệt tình. Điểm trừ là cuối tuần hơi đông nên phải chờ bàn hơi lâu.",5,2026-04-02T12:32:30.155Z,user_58360,16,0
Nhà hàng Hàn quốc GUMBOK 금복,Ci9DQUlRQUNvZENodHljRjlvT2pJMVlubDBhMU40Y1VOMmNIWm1hbGhHWm5OWU9YYxAB,Đồ ăn ngon lắm!!!,5,2026-04-02T12:22:13.454Z,user_clone_67249,1,0
Nhà hàng Hàn quốc GUMBOK 금복,Ci9DQUlRQUNvZENodHljRjlvT2tJMWRuVnVjMDVtTWt0bWNta3RURzUyZUdkVk5IYxAB,"Quán sạch sẽ, không gian ấm cúng, nhân viên phục vụ rất nhiệt tình. Món ăn lên nhanh và hương vị khá ổn, phù hợp với giá tiền. Sẽ quay lại lần sau!",5,2026-04-02T08:18:32.906Z,user_47049,32,1
Nhà hàng Hàn quốc GUMBOK 금복,Ci9DQUlRQUNvZENodHljRjlvT21sdFJXeExha1U1Y1dwWlMwWnBhMkZWY1dGSGFIYxAB,Đồ ăn ngon các bạn nhiệt tình.,5,2026-03-29T16:03:15.603Z,user_clone_98340,1,0
Nhà hàng Hàn quốc GUMBOK 금복,Ci9DQUlRQUNvZENodHljRjlvT2pKdFdpMDNMV3BYWVU5VE9XSndTRXRaYkZCclMzYxAB,"Không gian quán rộng rãi thoáng mát, view chụp ảnh khá đẹp. Món ăn lên nhanh nhưng sườn hơi dai một tí.",5,2026-03-28T14:18:59.398Z,user_48982,109,1
Nhà hàng Hàn quốc GUMBOK 금복,Ci9DQUlRQUNvZENodHljRjlvT2xoS1kyeHFTRlZOYkZKRWNsQjZlalZXTmxKb1RtYxAB,"Mình đã ăn ở đây khá nhiều lần, must try là chả cá sợi chiên ạ.",5,2026-03-28T06:04:53.715Z,user_16710,103,0
Nhà hàng Hàn quốc GUMBOK 금복,Ci9DQUlRQUNvZENodHljRjlvT2tWV1RHUnhXbHBtUms1TGRsaHlWekY2YTNwRU0yYxAB,Đồ ăn ngon phục vụ chu đáo,5,2026-03-27T11:54:17.645Z,user_clone_18396,2,0
Nhà hàng Hàn quốc GUMBOK 금복,Ci9DQUlRQUNvZENodHljRjlvT2tsRWJuUm5lbm8xWW10NFJYQlNiSGhUUmpabVkyYxAB,"Nước lẩu đậm đà hợp vị mình, đồ nhúng tươi ngon sạch sẽ. Giá cả có hơi cao một chút nhưng xứng đáng chất lượng.",5,2026-03-21T14:19:10.215Z,user_46237,98,0
Haochi Dimsum Taipei,Ci9DQUlRQUNvZENodHljRjlvT25wcWVrVmhWM2wyU0hoUldWVlBlQzB6VFd0SFUyYxAB,"Nước chấm hơi ngọt quá không hợp gu người Bắc lắm. Thịt nướng thơm, mềm, đóng gói cẩn thận.",5,2026-04-28T07:55:42.085Z,user_60927,25,0
Haochi Dimsum Taipei,Ci9DQUlRQUNvZENodHljRjlvT21WZmJFeHVjSEZQVmxCblpFeFdObVZzUlRsQlRYYxAB,"Nước chấm hơi ngọt quá không hợp gu người Bắc lắm. Thịt nướng thơm, mềm, đóng gói cẩn thận.",5,2026-04-25T11:23:27.235Z,user_76015,25,0
Haochi Dimsum Taipei,Ci9DQUlRQUNvZENodHljRjlvT20xZmRsSmhWSEZtWDJ3dGRFdE1NMDVsZERCRFMyYxAB,"Đồ ăn ngon tuyệt vời, đóng gói cẩn thận sạch sẽ, giao hàng siêu nhanh luôn á, sẽ ủng hộ tiếp.",5,2026-04-24T01:55:46.808Z,user_clone_19286,2,0
Haochi Dimsum Taipei,Ci9DQUlRQUNvZENodHljRjlvT201eFRtaG5jVk5RU25GUU9XaEtlalZMTURkUVZuYxAB,"Vị ăn tạm ổn, không có gì quá xuất sắc nhưng sạch sẽ. Sẽ quay lại nếu có dịp đi cùng gia đình.",5,2026-04-22T00:13:47.770Z,user_67018,74,1
Haochi Dimsum Taipei,Ci9DQUlRQUNvZENodHljRjlvT21sbVJFVlRkakpPY1hWbGRtcDZNM2hHZDJWQ2NsRRAB,"Đồ ăn ngon, nv nhiệt tình",5,2026-04-21T15:54:59.812Z,user_clone_92792,2,0
Haochi Dimsum Taipei,Ci9DQUlRQUNvZENodHljRjlvT213NGRuaEpaM1p2YnpsaVZGQkJZMDFWWms5ek5VRRAB,"Không gian quán rộng rãi thoáng mát, view chụp ảnh khá đẹp. Món ăn lên nhanh nhưng sườn hơi dai một tí.",5,2026-04-21T15:51:34.929Z,user_26655,27,0
Haochi Dimsum Taipei,Ci9DQUlRQUNvZENodHljRjlvT2xaRlpXUkNNREZwVW10YVJtMUVlVE5xUlhoSE5tYxAB,"Top những quán rất đáng để trải nghiệm, 10đ",5,2026-04-21T15:50:50.027Z,user_clone_28726,2,0
Haochi Dimsum Taipei,Ci9DQUlRQUNvZENodHljRjlvT205MmJWQTFkSEF0VkVJNWREQXpVVTU2TlZWd2VIYxAB,"nv nhiệt tình , đồ ăn ngon , lần sau lại ghé.",5,2026-04-21T15:37:53.872Z,user_74642,119,0
Haochi Dimsum Taipei,Ci9DQUlRQUNvZENodHljRjlvT2tKcGNEaFBWSE5HWVhoeWVFSjVlSGh4UkdkSWIwRRAB,"Đồ ăn ngon , phục vụ nhiệt tình",5,2026-04-21T15:01:54.131Z,user_clone_78624,2,0
Haochi Dimsum Taipei,Ci9DQUlRQUNvZENodHljRjlvT20wd2J5MW1RbmxKU2paVmNXNWtiR3gxVVZsck1YYxAB,"Đồ ăn ngon, nhân viên phục vụ nhiệt tình.",5,2026-04-21T14:36:23.705Z,user_62962,102,0
Haochi Dimsum Taipei,Ci9DQUlRQUNvZENodHljRjlvT2xSSVYzSXdSR1E1VTJkTFNsTklhVXMzVUVSMVdXYxAB,"đồ ăn ngon , phục vụ nhiệt tình",5,2026-04-21T14:22:36.990Z,user_clone_41290,2,0
Haochi Dimsum Taipei,Ci9DQUlRQUNvZENodHljRjlvT2xKSU5UWlRlalE1TVhZMWFXcEJUblJITldwQ1JIYxAB,Nhân viên nhiệt tình . Đồ ăn ngon . Giá cả hợp lý . Mọi người nên thử nha,5,2026-04-21T14:13:54.465Z,user_28063,110,0
Haochi Dimsum Taipei,Ci9DQUlRQUNvZENodHljRjlvT21GTGJEVXhTbFZOT0RKdlUxSjFia2hPWmtvME5HYxAB,"Giá cả phải chăng, nhân viên phục vụ nhiệt tình",5,2026-04-21T14:01:55.773Z,user_clone_16603,2,0
Haochi Dimsum Taipei,Ci9DQUlRQUNvZENodHljRjlvT2s1UmREaFBORXhLUTI1bldscExiblpzVFZkUGVuYxAB,"Đồ ăn ngon, sạch sẽ thơm tho",5,2026-04-21T14:01:41.953Z,user_clone_68193,2,0
Haochi Dimsum Taipei,Ci9DQUlRQUNvZENodHljRjlvT21OT1ExVnBkREpJZFdOSE1saHVObFo1VG5wWlRVRRAB,"Ăn buffet ở đây khá hời, nhiều món lựa chọn, hải sản tươi. Sẽ giới thiệu cho bạn bè.",5,2026-04-21T13:51:07.332Z,user_81710,24,0
Haochi Dimsum Taipei,Ci9DQUlRQUNvZENodHljRjlvT25wM1FWRXdRalo2VldGWFFXVXlSRkJQZFhOSGIwRRAB,"Vị ăn tạm ổn, không có gì quá xuất sắc nhưng sạch sẽ. Sẽ quay lại nếu có dịp đi cùng gia đình.",5,2026-04-21T13:49:50.691Z,user_86290,54,0
Haochi Dimsum Taipei,Ci9DQUlRQUNvZENodHljRjlvT2t0blJrRlBRa2g2YkVGU00zbzBhWG8wY0dvNE9IYxAB,"Nước lẩu đậm đà hợp vị mình, đồ nhúng tươi ngon sạch sẽ. Giá cả có hơi cao một chút nhưng xứng đáng chất lượng.",5,2026-04-21T13:46:36.707Z,user_15534,35,1
Haochi Dimsum Taipei,Ci9DQUlRQUNvZENodHljRjlvT25OR01tSkxUVXREVW1KSFgyVklWbTU2VUhGaVYzYxAB,"Nhân viên nhiệt tình, đồ ngon, quán màu sắc đẹp mắt",5,2026-04-21T13:44:34.306Z,user_62276,15,1
Haochi Dimsum Taipei,Ci9DQUlRQUNvZENodHljRjlvT2tONFZEUnRlRVZEVkMwNGRtaFVUR1I2TW1GcmVtYxAB,"Ồn quá, hôm qua mình đi 6 người mà quán rõ đông, ồn ào. Đồ ăn lên lâu nhưng ngon. Bạn nhân viên trông hộ trẻ em để nhà mình dùng bữa. Nói chung là được, sau vẫn quay lại.",5,2026-04-21T13:44:12.036Z,user_85387,45,0
Haochi Dimsum Taipei,Ci9DQUlRQUNvZENodHljRjlvT2taU1JURlFabW8wTTNWMGIzQnhiazlrWkdsVE4wRRAB,"Nhân viên nhiệt tình, decor đồ đẹp mắt, đồ lên nhanh",5,2026-04-21T13:39:28.424Z,user_83222,42,1
Haochi Dimsum Taipei,Ci9DQUlRQUNvZENodHljRjlvT25OQlVGbEJaRXhwTWpWa05ERTVSVnBoY1dvdE1YYxAB,"Nhân viên nhiệt tình , đồ ăn ngon , không gian thoáng mát. Mọi người nên đến thử.",5,2026-04-21T13:38:50.052Z,user_16099,28,0
Haochi Dimsum Taipei,Ci9DQUlRQUNvZENodHljRjlvT2pOSFl6STNjbDlUTjNKRlEzaFZWVk0wUm5KV2VGRRAB,"Quán ăn bé, đông, bù lại đồ ăn ngon nhưng lên món hơi lâu. Nhân viên phục vụ nhiệt tình, có lời hỏi han.",5,2026-04-21T13:38:48.610Z,user_clone_98710,1,0
Haochi Dimsum Taipei,Ci9DQUlRQUNvZENodHljRjlvT2twVGRsOVlUMTkyT1RacVZFTmxTV2x5ZW5GMldVRRAB,"Quá chậm, quên món của khách, nhà vệ sinh hôi bẩn",1,2026-04-21T10:30:58.550Z,user_57113,44,0
Haochi Dimsum Taipei,Ci9DQUlRQUNvZENodHljRjlvT2xScVFuQjZObTQzUzBsNk9WOUtZWFpTYzFCNFdrRRAB,"Lên món lâu, đợi hơn 40 phút, nhân viên thái độ",1,2026-04-21T10:29:17.024Z,user_52588,38,0
Haochi Dimsum Taipei,Ci9DQUlRQUNvZENodHljRjlvT2paaVRUTkdhV2xOUWpJNGFsZDJSSGxyV0RCeWRuYxAB,"Thái độ nhân viên, lên món lâu",1,2026-04-21T10:27:17.146Z,user_77455,57,0
Haochi Dimsum Taipei,Ci9DQUlRQUNvZENodHljRjlvT2pGYVF5MXpiWFJETFRsUU9VcGhiRFk1T1VSRU1FRRAB,"Món ăn rất ngon ạ, shop đóng gói kỹ càng, anh shipper thân thiện giao nhanh, nên mua nha mọi người.",5,2026-04-14T11:51:02.084Z,user_clone_67402,1,0
Haochi Dimsum Taipei,Ci9DQUlRQUNvZENodHljRjlvT2tsb2J6VjZUbkJzVEdSUlJFTXpiRzlHT1RWeVZHYxAB,"Ngon nha trời. Đồ ngon nhất là dimsum thì mải ăn quên không chụp =)))))))))
Đồ ăn ngon. Nhân dimsum bên trong mềm, thơm
Lườn vịt cũng mềm nhưng sốt kh đặc sắc lắm (hnhu là sốt mận)
Phở xào cũng ngon nha. 1 đĩa to, nhìu
Mình coi thấy xung quanh mng đều gọi 2-3 món lận thì có vẻ món gì cũng vừa miệng",5,2026-04-04T17:45:08.966Z,user_34141,90,1
Haochi Dimsum Taipei,Ci9DQUlRQUNvZENodHljRjlvT2tGeU5XeHVNMk5RYUc5WU5USTFPVTExT0dkdVJsRRAB,"đồ ăn lên lâu , giá cao ( 1 cốc nước chanh 43k ) , đồ ăn nhạt ( mì vằn thán thì nhạt , mì trộn sa tế thì ko cay , cũng nhàn nhạt phải cho thêm sa tế mới đỡ), khu vệ sinh bừa bộn , nhân viên ko niềm nở, nhiệt tình , menu ko rõ ràng khẩu phần , khẩu phần món há cảo , bánh bao kim sa ít",2,2026-03-17T15:31:29.718Z,user_44561,50,0
Haochi Dimsum Taipei,Ci9DQUlRQUNvZENodHljRjlvT2pkdlNYSTFWRTlFUWtoSlVURk5lVUpKY0ROTFVVRRAB,"đồ ăn oke, dịch vụ tạm ổn nhưng quán quá ồn ào",4,2026-03-11T12:45:36.772Z,user_65686,67,0
Haochi Dimsum Taipei,Ci9DQUlRQUNvZENodHljRjlvT2xNMVYyUkpVakI2ZWtWc1FWaEZWbEJUVkdKc2NtYxAB,"đồ ăn ngon, giá cả vừa phải, phù hợp với gia đình và nhóm nhỏ.",5,2026-03-07T05:32:15.343Z,user_clone_73094,2,0
Haochi Dimsum Taipei,Ci9DQUlRQUNvZENodHljRjlvT2xCSlZUTTJVVTFmY0hZM00wTmxWRzFaUVhwSVVFRRAB,"Được 2 món này với gà ăn ok, còn các loại khác bị tanh 🫠 Cháo sườn hơi ngọt",3,2026-02-14T01:32:08.862Z,user_34668,87,0
Haochi Dimsum Taipei,Ci9DQUlRQUNvZENodHljRjlvT2tGdFJUVmZkMWsxTVRKMVR6bHRTbU5EVjJoUldsRRAB,"Nước chấm hơi ngọt quá không hợp gu người Bắc lắm. Thịt nướng thơm, mềm, đóng gói cẩn thận.",5,2026-01-07T09:38:46.964Z,user_47585,120,1
Haochi Dimsum Taipei,Ci9DQUlRQUNvZENodHljRjlvT25WUlV6WlZVMkoxUm5Ka05WUjRYMDlrYjJZM1EyYxAB,"Ăn buffet ở đây khá hời, nhiều món lựa chọn, hải sản tươi. Sẽ giới thiệu cho bạn bè.",5,2026-01-04T14:41:18.085Z,user_58778,19,0
Haochi Dimsum Taipei,Ci9DQUlRQUNvZENodHljRjlvT2poaWNVeFJRWEpFZG1KSlJGZEZTMWs0VVZaa1RuYxAB,"Quán ăn ngon, đóng gói sạch sẽ cẩn thận, shipper giao nhanh, mọi người nên mua nha!!",5,2025-12-26T03:46:59.534Z,user_clone_62675,1,0
Haochi Dimsum Taipei,Ci9DQUlRQUNvZENodHljRjlvT205MGVETkJlbkZ6YTJsZlRVMVpiVFl5Wm14NkxWRRAB,"Đồ ăn ngon, nhân viên phục vụ chu đáo nhiệt tình. Điểm trừ là cuối tuần hơi đông nên phải chờ bàn hơi lâu.",5,2025-11-30T02:01:12.291Z,user_96637,86,0
Haochi Dimsum Taipei,Ci9DQUlRQUNvZENodHljRjlvT2tNMGFURnlkVXRCYVUxM2EyVmlSVXhLUjBOTE1VRRAB,Quán ổn sạch sẽ nhưng hơi nhỏ. Đồ ăn bình thường. Mấy món thịt giá hơi đắt. Dimsum bánh bao ăn ổn,4,2025-11-27T07:59:15.255Z,user_87912,88,0
Haochi Dimsum Taipei,Ci9DQUlRQUNvZENodHljRjlvT2tSbk0yZDZVbTF0UjBwQ2VsWXdWRUYyZERKWU1YYxAB,"Đồ ăn ngon dễ ăn. Mọi người nên gọi bánh bao kim sa hoặc bánh bao trứng muối nếu thích bánh bao. Mấy món há cảo nhân cũng nhiều. Quán sạch sẽ, ngồi gần cửa sổ kính check in sẽ đẹp hơn. Giá mình thấy bthg. Muốn rẻ thì gọi há cảo dimsum bánh bao ạ. Mấy món thịt giá hơi đắt mà cũng k quá nhiều ấy",4,2025-11-26T15:56:11.698Z,user_47063,37,1
Haochi Dimsum Taipei,Ci9DQUlRQUNvZENodHljRjlvT2taV1RXNW1hRkZQWW5Kdk4ydEJRbVZ1VEU4M05uYxAB,Siu oki,5,2025-11-21T16:32:08.643Z,user_16559,69,1
Haochi Dimsum Taipei,Ci9DQUlRQUNvZENodHljRjlvT2pGck1FdFFWa3hZTWtSWmVVVnJhR1U0U0ZBeVZHYxAB,"Ăn buffet ở đây khá hời, nhiều món lựa chọn, hải sản tươi. Sẽ giới thiệu cho bạn bè.",3,2025-11-19T08:24:52.407Z,user_56215,72,1
Haochi Dimsum Taipei,Ci9DQUlRQUNvZENodHljRjlvT2kxeldrVkJaSEphYjI1b05HVkxVMmxrTkVkWlUyYxAB,Tập buổi chiều có ánh nắng nhẹ đẹp lắm.,5,2025-11-08T13:25:38.082Z,user_clone_89844,2,0
Haochi Dimsum Taipei,Ci9DQUlRQUNvZENodHljRjlvT2swMFkwVmlTMGgyZVdrdGEyZ3hORTVXU0ZaMFprRRAB,"Mình là ng hay đi ăn Haochi ở nhiều cơ sở rồi. Cũng có đến đây vài lần nhưng mà hnay đến thì hơi thất vọng.
- đồ ăn: thì cũng na ná các cơ sở khác, k có quá gì nổi bật vì cùng công thức
- dịch vụ: mình thấy hơi thất vọng, mình là khách quen mà áp dụng chương trình rất máy móc, k linh hoạt. Nói chung là k biết nhìn khách loyal với khách vãng lai. Mà đặc biệt là k có chỗ đỗ xe, lang thang bữa ăn mất toi 50k gửi xe ô tô
- không khí: quán bí, ồn, nchung là chán.
2 sao cho quán. Hi vọng trong tương lai sẽ cải thiện",2,2025-11-08T11:57:16.869Z,user_31522,26,0
Haochi Dimsum Taipei,Ci9DQUlRQUNvZENodHljRjlvT21acVJIVnJVelpOVWt0R04zUllUMFpPY2tNMldVRRAB,"Không gian quán rộng rãi thoáng mát, view chụp ảnh khá đẹp. Món ăn lên nhanh nhưng sườn hơi dai một tí.",4,2025-11-05T13:12:16.062Z,user_23297,53,0
Haochi Dimsum Taipei,Ci9DQUlRQUNvZENodHljRjlvT2tzdFRYRk9lRVZyVlVKbFJtTlZVekpOTm5aRVJVRRAB,Trời lạnh thích hợp ăn há cảo .Trưa này tôi ghé ăn lần đầu .Theo ý của mình thì tôi thích nhất là bánh bao kim sa và tiểu long bảo.Tổ ông bò cũng đáng để thử .Đánh giá 8/10.Lần sau sẽ ghé   lại ăn canh gà,4,2025-10-24T07:48:51.514Z,user_71784,6,0
Haochi Dimsum Taipei,Ci9DQUlRQUNvZENodHljRjlvT2t0ek1HNHhka0pzWVhGb1RsVTFZMjE0ZG5ZMFRsRRAB,"Đồ ăn trung bình so với các hàng đồ Tàu mình từng ăn, đánh giá tầm 7 điểm.",4,2025-10-19T10:16:52.301Z,user_40910,80,0
Haochi Dimsum Taipei,Ci9DQUlRQUNvZENodHljRjlvT2twVFRubFJaMU5yTUVFNVYzbGZXVFpGWmxCMVZVRRAB,"Ăn đúng hôm vịt bị hôi nhưng nhà hàng có đề nghị làm lại hoặc đổi món, món ăn ko quá đa dạng nhưng vừa miệng ăn đổi bữa cũng đc",4,2025-10-16T16:27:46.118Z,user_27618,32,0
Haochi Dimsum Taipei,Ci9DQUlRQUNvZENodHljRjlvT2tSb2VXbGZlamxGY1VWdlRtZzRWblV4VWkxc2NsRRAB,"Ăn ngon, không gian yên tĩnh",5,2025-10-15T06:22:05.165Z,user_71372,22,1
Haochi Dimsum Taipei,Ci9DQUlRQUNvZENodHljRjlvT2pkbU5WTnJVRlp4Ukd4V1JuSjFTVGxNVVdobFUwRRAB,"Chi nhánh tệ nhất từng ăn, chợt nhận ra là dimsum của hãng này toàn đông lạnh rồi mang ra hấp cho khách. Tôm chiên hoàng kim được mấy con ngập dầu, nhạt toẹt giá 214k :)) may vớt lại dc bát cơm chiên hải sản. Quán tối, bụi, ẩm thấp, có mùi. Kbh quay lại.",1,2025-10-14T12:09:18.415Z,user_44129,44,1
Haochi Dimsum Taipei,Ci9DQUlRQUNvZENodHljRjlvT2tveWJFUlVVMEpYVm5GMGVEUmlSVVpMV1hCRVVuYxAB,"Đồ ăn ngon, chế biến đều tay, qua ăn mấy lần đều ổn.
Hợp cho cả ng già, vì mềm dễ ăn nhưng ng trẻ ăn vẫn ngon.
Giá cả hợp lý",4,2025-10-12T03:24:20.211Z,user_30909,41,0
Haochi Dimsum Taipei,Ci9DQUlRQUNvZENodHljRjlvT2tocFgzSjBZVlJvWTJGbWNsZFBUblkxYkVORGVWRRAB,"chuyên đồ dimsum Đài Loan, món ăn tươi mới, hợp khẩu vị",5,2025-10-10T04:32:58.604Z,user_30644,72,0
Sườn Mười - Sườn nướng BBQ,Ci9DQUlRQUNvZENodHljRjlvT21kaFZUZG5Namh5YzNOQlJHSlVNWFZtWm1wSVFVRRAB,"Nước chấm hơi ngọt quá không hợp gu người Bắc lắm. Thịt nướng thơm, mềm, đóng gói cẩn thận.",5,2026-06-03T08:39:49.465Z,user_18707,93,0
Sườn Mười - Sườn nướng BBQ,Ci9DQUlRQUNvZENodHljRjlvT25SaFNWRjRaRVV0YkMxT2JtaHBWbHBCU0hwS2NrRRAB,"Món ăn rất ngon ạ, shop đóng gói kỹ càng, anh shipper thân thiện giao nhanh, nên mua nha mọi người.",5,2026-06-03T06:07:04.761Z,user_clone_65411,1,0
Sườn Mười - Sườn nướng BBQ,Ci9DQUlRQUNvZENodHljRjlvT2pselRVSTFaR1F5YTNORWFWbFlWMFV6VkV4aFpGRRAB,Ok,5,2026-06-02T11:35:35.849Z,user_89751,56,0
Sườn Mười - Sườn nướng BBQ,Ci9DQUlRQUNvZENodHljRjlvT2pWcWJWOTVSV2t0YWxSTFFrbEJaMXB1V25jMFdrRRAB,"Đồ ăn ngon, nhân viên phục vụ chu đáo nhiệt tình. Điểm trừ là cuối tuần hơi đông nên phải chờ bàn hơi lâu.",5,2026-06-02T06:27:20.912Z,user_70165,113,0
Sườn Mười - Sườn nướng BBQ,Ci9DQUlRQUNvZENodHljRjlvT2paMk0zRXdhM2x3VWxscUxWZzRhVWRaTlVwM1luYxAB,"Đồ ăn ngon tuyệt vời, đóng gói cẩn thận sạch sẽ, giao hàng siêu nhanh luôn á, sẽ ủng hộ tiếp.",5,2026-06-01T15:03:09.294Z,user_clone_36583,2,0
Sườn Mười - Sườn nướng BBQ,Ci9DQUlRQUNvZENodHljRjlvT2tsRlkxSjZhMDUyU25Ga1NGVktaakJxUzFReFUzYxAB,"Nước chấm hơi ngọt quá không hợp gu người Bắc lắm. Thịt nướng thơm, mềm, đóng gói cẩn thận.",5,2026-06-01T15:03:03.441Z,user_87281,22,0
Sườn Mười - Sườn nướng BBQ,Ci9DQUlRQUNvZENodHljRjlvT25CWlJEUmlaR1ZKZGxGelYwVkZOR2szVm1vellWRRAB,"Đồ ăn ngon, nhân viên phục vụ chu đáo nhiệt tình. Điểm trừ là cuối tuần hơi đông nên phải chờ bàn hơi lâu.",5,2026-06-01T15:03:02.920Z,user_63191,34,0
Sườn Mười - Sườn nướng BBQ,Ci9DQUlRQUNvZENodHljRjlvT2s1cWJtOW1iVkpIYUhWemRreG1jazFQTVhGSU5XYxAB,"Ăn buffet ở đây khá hời, nhiều món lựa chọn, hải sản tươi. Sẽ giới thiệu cho bạn bè.",5,2026-06-01T15:00:00.570Z,user_66156,115,0
Sườn Mười - Sườn nướng BBQ,Ci9DQUlRQUNvZENodHljRjlvT2pnM2NGbDBhMmhTYjBKbmNXUjBYelZWVVhKelQwRRAB,Ngon,5,2026-06-01T14:59:07.073Z,user_clone_13851,2,0
Sườn Mười - Sườn nướng BBQ,Ci9DQUlRQUNvZENodHljRjlvT2tOb09HUlRkMlppUW1SbmMyZEJXRVp0UjA1RlQwRRAB,Ngon mỗi tội nhanh hết đồ quá,5,2026-06-01T14:55:40.402Z,user_clone_16385,1,0
Sườn Mười - Sườn nướng BBQ,Ci9DQUlRQUNvZENodHljRjlvT25SMWJFSmZWa0ZvWmtWSFNsSkphVmc1TURKb1NHYxAB,"Đồ ăn : không có sự cân bằng, đồ ăn buffet 249k sườn các thứ khô khốc . Không có bất cứ một tý rau , salad nào … gọi salad ngoài đồng giá 99k kể cả Green salad ?  Salad tôm, salad thịt hun khói cũng giá 99k

Nhân viên phục vụ thì siêu chậm, gọi nước thì quên , mãi mới lên ,  gọi một số món thêm trong menu buffet thì phải gọi 6-7 lần … hơn 30-40 phút.

Thấy vọng",1,2026-06-01T13:58:26.796Z,user_61137,25,0
Sườn Mười - Sườn nướng BBQ,Ci9DQUlRQUNvZENodHljRjlvT2tOTVdEQk9PVUpTYTFWb2MxcFNiVVJyZHpCaFoyYxAB,"Ăn buffet ở đây khá hời, nhiều món lựa chọn, hải sản tươi. Sẽ giới thiệu cho bạn bè.",5,2026-06-01T13:12:25.811Z,user_16339,40,0
Sườn Mười - Sườn nướng BBQ,Ci9DQUlRQUNvZENodHljRjlvT2xjMk16UlZTMFp1ZEdOdlVuUXpkVFZ6Ylc5bWJtYxAB,"không gian sạch sẽ ấm cúng, đồ ăn oke khả năng lần sau mình sẽ quay lại nha mn",5,2026-06-01T12:41:43.980Z,user_92556,39,0
Sườn Mười - Sườn nướng BBQ,Ci9DQUlRQUNvZENodHljRjlvT2xkdlFXZEZUa1pyV21wclgyTnNWbmhtWDFRdE5WRRAB,"Đồ ăn ngon tuyệt vời, đóng gói cẩn thận sạch sẽ, giao hàng siêu nhanh luôn á, sẽ ủng hộ tiếp.",5,2026-06-01T12:41:19.273Z,user_clone_18962,1,0
Sườn Mười - Sườn nướng BBQ,Ci9DQUlRQUNvZENodHljRjlvT2xKSGNVNDRXVTR5YjIxRFRVbHJRekJEWVZwNU4yYxAB,"Không gian quán rộng rãi thoáng mát, view chụp ảnh khá đẹp. Món ăn lên nhanh nhưng sườn hơi dai một tí.",5,2026-06-01T12:37:08.302Z,user_19855,51,1
Sườn Mười - Sườn nướng BBQ,Ci9DQUlRQUNvZENodHljRjlvT21aR2NtTXRaRFZMTlVsWFgxSkJRMnh3VGtobFFVRRAB,"Sườn sốt hơi ngọt, nên gọi thêm salad. 1/6 lễ nên khá đông khách",5,2026-06-01T12:36:38.108Z,user_69929,12,0
Sườn Mười - Sườn nướng BBQ,Ci9DQUlRQUNvZENodHljRjlvT2pWa01qZFVObUpWY2t0MVVYRlVka014VFRoeGJYYxAB,"Đồ ăn siêu lâu, gọi buffet sườn 249 , đưa ra đc 1 lượt, mỗi lượt gọi thêm đồ chờ 30p k mang ra, giục 5 lần nhân viên cũng k thấy mang đồ ra, ngồi từ 18h đến 19:30 cẫn chưa có pizza và mì ý, được 1 khay sườn và 1 lần sườn thêm, rất khó chịu khi giục nv quá nhiều",2,2026-06-01T12:31:19.651Z,user_88769,61,1
Sườn Mười - Sườn nướng BBQ,Ci9DQUlRQUNvZENodHljRjlvT25neVkyVjNSVjlpYld4U1EyRmhlRVZrVFdkak5rRRAB,"Quán ăn ngon, đóng gói sạch sẽ cẩn thận, shipper giao nhanh, mọi người nên mua nha!!",5,2026-06-01T05:30:54.804Z,user_clone_46962,1,0
Sườn Mười - Sườn nướng BBQ,Ci9DQUlRQUNvZENodHljRjlvT2pGRldVZFBRMDFJYlZkSVduWmxkemxZTURWS1gzYxAB,"Ăn buffet ở đây khá hời, nhiều món lựa chọn, hải sản tươi. Sẽ giới thiệu cho bạn bè.",5,2026-05-31T14:54:25.229Z,user_46642,8,1
Sườn Mười - Sườn nướng BBQ,Ci9DQUlRQUNvZENodHljRjlvT25SbVNVUkphakJmYlVka1ZXbEViV2xOUjFWSmVIYxAB,"Giao hàng nhanh shipper thân thiện, đồ ăn ngon rẻ sạch sẽ đóng gói kỹ, nên mua nha cả nhà!",5,2026-05-31T14:13:29.832Z,user_clone_31775,1,0
Sườn Mười - Sườn nướng BBQ,Ci9DQUlRQUNvZENodHljRjlvT2xCaFpWcEdUVTFCWjJKRVpEUTRaakU0U3pGSWEyYxAB,Ngol quá trờiiiiuu,5,2026-05-31T14:13:13.753Z,user_68037,52,0
Sườn Mười - Sườn nướng BBQ,Ci9DQUlRQUNvZENodHljRjlvT25wclQyTXhWVzFwUzNOeVRWcGhMVXcxYld0RU4zYxAB,"Đồ ăn ngon, các b phục vụ tốt",5,2026-05-31T12:25:33.085Z,user_clone_79332,1,0
Sườn Mười - Sườn nướng BBQ,Ci9DQUlRQUNvZENodHljRjlvT205NE1WbFpNamx1UjFkVWJITk9PVnAzUzNGSVRFRRAB,"Nước chấm hơi ngọt quá không hợp gu người Bắc lắm. Thịt nướng thơm, mềm, đóng gói cẩn thận.",5,2026-05-31T05:58:17.089Z,user_88585,84,0
Sườn Mười - Sườn nướng BBQ,Ci9DQUlRQUNvZENodHljRjlvT200dFRESnJUbEE0TFdab1drcHJlVTVDYkhaQ1NFRRAB,Ngon ok,5,2026-05-31T04:41:17.395Z,user_18045,24,0
Sườn Mười - Sườn nướng BBQ,Ci9DQUlRQUNvZENodHljRjlvT2psUmNFRXdiMGR5YzFscVFqUjNORVJKUVdoR2VsRRAB,"Đồ ăn ngon, nhân viên phục vụ chu đáo nhiệt tình. Điểm trừ là cuối tuần hơi đông nên phải chờ bàn hơi lâu.",5,2026-05-30T13:20:12.562Z,user_14561,70,0
Sườn Mười - Sườn nướng BBQ,Ci9DQUlRQUNvZENodHljRjlvT2tOTU9HaEtWSFl4VDE5ZlFsaEROMFZpYlhVNGVVRRAB,"Quán ăn ngon, đóng gói sạch sẽ cẩn thận, shipper giao nhanh, mọi người nên mua nha!!",5,2026-05-30T13:20:09.357Z,user_clone_94599,2,0
Sườn Mười - Sườn nướng BBQ,Ci9DQUlRQUNvZENodHljRjlvT2w5V2VreElRbGhEWm1FdGVVRTVNamgyZW5aNWVtYxAB,"Nước chấm hơi ngọt quá không hợp gu người Bắc lắm. Thịt nướng thơm, mềm, đóng gói cẩn thận.",5,2026-05-30T12:34:38.639Z,user_83933,10,1
Sườn Mười - Sườn nướng BBQ,Ci9DQUlRQUNvZENodHljRjlvT25nNU1rcFliek00YTJOQ1YyYzJhMmRRTjBsVFlWRRAB,"Đồ ăn ngon tuyệt vời, đóng gói cẩn thận sạch sẽ, giao hàng siêu nhanh luôn á, sẽ ủng hộ tiếp.",5,2026-05-30T12:32:46.663Z,user_clone_38712,1,0
Sườn Mười - Sườn nướng BBQ,Ci9DQUlRQUNvZENodHljRjlvT21OUlkycFpSa1U0VDJnM1ZVaExSWGRNUVVGVmRYYxAB,"Nước lẩu đậm đà hợp vị mình, đồ nhúng tươi ngon sạch sẽ. Giá cả có hơi cao một chút nhưng xứng đáng chất lượng.",5,2026-05-30T09:54:10.628Z,user_59663,41,0
Sườn Mười - Sườn nướng BBQ,Ci9DQUlRQUNvZENodHljRjlvT2tkeFltRnZiVWxpV2pjelUyRlZaRlYzT0dOcU4xRRAB,"Quán ăn ngon, đóng gói sạch sẽ cẩn thận, shipper giao nhanh, mọi người nên mua nha!!",5,2026-05-30T05:24:02.692Z,user_clone_30523,1,0
Sườn Mười - Sườn nướng BBQ,Ci9DQUlRQUNvZENodHljRjlvT2xOYWNtMTRiM0JSUWxack5sRnpPR051Y2s5WFIwRRAB,"Không gian quán rộng rãi thoáng mát, view chụp ảnh khá đẹp. Món ăn lên nhanh nhưng sườn hơi dai một tí.",5,2026-05-30T05:23:52.351Z,user_76216,41,0
Sườn Mười - Sườn nướng BBQ,Ci9DQUlRQUNvZENodHljRjlvT205d1dYZERVRkZvYjNob1FtaHBVRjh4YlVkWWRWRRAB,Trải nghiệm tốt,5,2026-05-30T05:20:53.142Z,user_clone_99328,1,0
Sườn Mười - Sườn nướng BBQ,Ci9DQUlRQUNvZENodHljRjlvT25SV1RIYzFjMEpNTVdJMmFtYzVhMlZQUm1oWVowRRAB,"Sườn ngon , pizza tuyệt vời",5,2026-05-30T05:20:21.660Z,user_clone_17086,1,0
Sườn Mười - Sườn nướng BBQ,Ci9DQUlRQUNvZENodHljRjlvT2tkMlkwVmZTekpGUjFWWVRsSmZlSGx5VVU5S2IyYxAB,Quán ăn ngon,5,2026-05-30T05:19:30.749Z,user_clone_44983,2,0
Sườn Mười - Sườn nướng BBQ,Ci9DQUlRQUNvZENodHljRjlvT214d1dqWmZRVVF6VldRd09YZFFTVlJyUzNWaGNrRRAB,"quán quá ngon , nhân viên nhiệt tình",5,2026-05-30T05:18:45.588Z,user_clone_82438,2,0
Sườn Mười - Sườn nướng BBQ,Ci9DQUlRQUNvZENodHljRjlvT2tkUVNIVlFhV2h3VFdGR1dtTndTbHBIWm1GMFFWRRAB,"Đồ ăn ngon, nhân viên phục vụ chu đáo nhiệt tình. Điểm trừ là cuối tuần hơi đông nên phải chờ bàn hơi lâu.",5,2026-05-30T05:12:16.942Z,user_67594,68,0
Sườn Mười - Sườn nướng BBQ,Ci9DQUlRQUNvZENodHljRjlvT2xOeU1GTm5TR056WkVOaWVqWkRNVFpvTm01U2FVRRAB,"Thái độ nhân viên hơi kém, gọi thêm đồ mà mãi không thấy mang lên. Được cái đồ ăn cứu vớt lại khá ngon.",4,2026-05-30T04:37:32.864Z,user_61218,41,1
Sườn Mười - Sườn nướng BBQ,Ci9DQUlRQUNvZENodHljRjlvT2tsU1pIcG5OVGxoV0RSaFJXdHZYMjVqVUVKbFgzYxAB,"Phí tiền, sườn thì khô khốc như để cả năm giã đông, nv thì pvu chậm đủ lí do chờ nửa tiếng ko lên đồ ăn. Nói chung là ko có lần sau và bớt seeding lại 😌",1,2026-05-30T00:53:15.650Z,user_14970,93,0
Sườn Mười - Sườn nướng BBQ,Ci9DQUlRQUNvZENodHljRjlvT25ScmEzbFhjMWxGTjBGU2FtdDRTMnd5YzNCMGRrRRAB,"Đồ ăn ngon tuyệt vời, đóng gói cẩn thận sạch sẽ, giao hàng siêu nhanh luôn á, sẽ ủng hộ tiếp.",5,2026-05-29T14:04:35.113Z,user_clone_69186,1,0
Sườn Mười - Sườn nướng BBQ,Ci9DQUlRQUNvZENodHljRjlvT2tkT1kwVmZka3RwWkZaM1IzUXdTVGREZDBKbk4yYxAB,"Món ăn rất ngon ạ, shop đóng gói kỹ càng, anh shipper thân thiện giao nhanh, nên mua nha mọi người.",5,2026-05-29T12:21:12.108Z,user_clone_28763,1,0
Sườn Mười - Sườn nướng BBQ,Ci9DQUlRQUNvZENodHljRjlvT25sSGRIcENlbGxtU0dwMFVYVllabW80VFRaSlRtYxAB,"Sườn ngon, không gian sạch sẽ thoải mái",5,2026-05-29T06:25:09.727Z,user_26280,13,0
Sườn Mười - Sườn nướng BBQ,Ci9DQUlRQUNvZENodHljRjlvT2tsaGFFaDFkbEZFZFZwWVFWQkdUV1JUYm05dlZXYxAB,"Quán quen của gia đình mình, đồ ăn ở đây lúc nào cũng giữ được phong độ. Điểm 9 cho chất lượng.",5,2026-05-29T04:23:51.862Z,user_84053,117,0
Sườn Mười - Sườn nướng BBQ,Ci9DQUlRQUNvZENodHljRjlvT2tkTVJGQllkMVZDVkU1dVRGbzFhRkozWWkxcGNFRRAB,"Nước lẩu đậm đà hợp vị mình, đồ nhúng tươi ngon sạch sẽ. Giá cả có hơi cao một chút nhưng xứng đáng chất lượng.",5,2026-05-28T14:27:51.186Z,user_21778,102,0
Sườn Mười - Sườn nướng BBQ,Ci9DQUlRQUNvZENodHljRjlvT2pWUlEzRjVZbW8wZEdJdFpGRmtTMkZCVmtKUWNVRRAB,"Nước lẩu đậm đà hợp vị mình, đồ nhúng tươi ngon sạch sẽ. Giá cả có hơi cao một chút nhưng xứng đáng chất lượng.",5,2026-05-28T06:16:11.829Z,user_90842,118,0
Sườn Mười - Sườn nướng BBQ,Ci9DQUlRQUNvZENodHljRjlvT2t3Mk1YUnRWRVZzVkZaR1oweEpkemhCYjAxeE1sRRAB,"Nước chấm hơi ngọt quá không hợp gu người Bắc lắm. Thịt nướng thơm, mềm, đóng gói cẩn thận.",4,2026-05-28T06:15:17.529Z,user_29864,26,1
Sườn Mười - Sườn nướng BBQ,Ci9DQUlRQUNvZENodHljRjlvT2kxbmMwNWZiek5XTFdaNmQyTk9XR1E1Y205UE5rRRAB,ngon phục vụ nhiệt tình,5,2026-05-28T05:01:34.668Z,user_clone_21302,2,0
Sườn Mười - Sườn nướng BBQ,Ci9DQUlRQUNvZENodHljRjlvT2twQk5Ha3dZa2d6ZFhOQ01XazNibUZ1YlZWNWNGRRAB,"Thái độ nhân viên hơi kém, gọi thêm đồ mà mãi không thấy mang lên. Được cái đồ ăn cứu vớt lại khá ngon.",3,2026-05-28T03:35:09.506Z,user_19366,26,0
Sườn Mười - Sườn nướng BBQ,Ci9DQUlRQUNvZENodHljRjlvT210WU5Fc3pha0ZTTTJoU1ZsbGlTRk5VU25KcWVFRRAB,"Mì cuốn thật sự, pizza topping nhiều với ngon cực. Chấm 5 sao nha.",5,2026-05-27T14:14:50.559Z,user_42950,59,1
Sườn Mười - Sườn nướng BBQ,Ci9DQUlRQUNvZENodHljRjlvT205cGVYVkhaR0ZYTUZGTWEwZzBVMkV4UWtWZlVsRRAB,"Quán ăn ngon, đóng gói sạch sẽ cẩn thận, shipper giao nhanh, mọi người nên mua nha!!",5,2026-05-27T14:10:28.005Z,user_clone_39102,2,0
Nhà Hàng Nét Huế,Ci9DQUlRQUNvZENodHljRjlvT2xSc1NXVmpOVVpKUkZGU09HNUJXbUp1VW10eE1uYxAB,Chờ đồ lên quá lâu,1,2026-05-30T05:43:26.358Z,user_93035,95,0
Nhà Hàng Nét Huế,Ci9DQUlRQUNvZENodHljRjlvT2twMk1WQkRjMlI0WjFvdFMxUmFVamxWYm1WaE5VRRAB,"Quá chán, làm ăn không đúng thứ tự",1,2026-05-30T05:39:49.919Z,user_35867,95,0
Nhà Hàng Nét Huế,Ci9DQUlRQUNvZENodHljRjlvT25kVFVHZHhRa2REWjFoeU5ETXdaVmwzTVhOTVJsRRAB,"quán không đến mức đông ồ ạt (lúc 6h chiều t7)
thái độ nhân viên tệ, ban đầu thái độ của mình là hỏi đơn giản, sau đó thì đợi quá lâu mà phải gắt lên, thậm chí là đã định đi thì mới mang nước ra? trong khi đó nước chấm bàn bên đến sau còn được trước (training kiểu dỗ dành khách bằng cốc trà đá à)
mik gọi qua qr, giục nhiều lần (cái lúc gọi qr là nhân viên không có ra đâu, đặt bốp quyển menu rồi đi, ko thèm đến order nên mới phải đặt qua qr đấy)",1,2026-05-16T12:19:45.576Z,user_25278,49,1
Nhà Hàng Nét Huế,Ci9DQUlRQUNvZENodHljRjlvT2t4c1dVbzVWVFJZU0hSSGRERkNOR281TW5KbVgxRRAB,"Nhân viên tiếp đón nhiệt tình, đồ ăn ngon lắm. Em rất ấn tượng ở quán 1 điều nhỏ này thôi là hôm đó em gọi nước ép dưa hấu ít đá vì đúng hôm đi ăn ở quán em đang cúm và hơi đau họng. Quán cho đúng 1 viên đá mà nước vẫn đầy cốc, chỉ thế thôi là em đã đánh giá quán rất cao rồi. Rất ít quán nào ở ngoài làm như thế khi em gọi nước ít đá.",5,2026-05-09T17:17:43.458Z,user_16595,116,0
Nhà Hàng Nét Huế,Ci9DQUlRQUNvZENodHljRjlvT2xSM1oydEZaVkl6VDFGc2RUbFdUak4xVlZrMVpsRRAB,"Ăn buffet ở đây khá hời, nhiều món lựa chọn, hải sản tươi. Sẽ giới thiệu cho bạn bè.",3,2026-05-08T09:50:14.153Z,user_51362,114,0
Nhà Hàng Nét Huế,Ci9DQUlRQUNvZENodHljRjlvT2s5RmFsazJSVzFGTTNwdE1qVnVaMmQyVUdJMlJsRRAB,"Mình đã quay lại nhiều lần để thử các món khác nhau: cơm hến, hến xào, cơm thịt kho mắm ruốc,…
Nhìn chìn chung hương vị khá đặc trưng của Huế. Đặc biệt cơm hến vị khá giống vị mình ăn ở Huế (75%). Các món còn lại ở mức trung bình, nhân viên nhiệt tình, không gian chỉnh chu sạch sẽ",4,2026-05-07T15:40:16.224Z,user_85072,45,1
Nhà Hàng Nét Huế,Ci9DQUlRQUNvZENodHljRjlvT25FemMzbG5ZV0ZmTUdkYWNXMUtjM04zZVVzMlZuYxAB,"Chiều tối ghé Nét Huế làm nồi lẩu bò nhúng dấm, cảm giác thực sự nhẹ nhõm sau một ngày dài. Tiện tay mình viết vài dòng cho ông nào cũng đang thèm chút gì đó thanh quế, không thích xô bồ.
​Về cái nước dùng:
Thú thật là mình thích kiểu nước lẩu ở đây, nó thanh cực kỳ. Vị dấm chua dịu, không bị gắt cổ, lại thoang thoảng mùi sả với hành tây, ăn cảm giác sạch sẽ và nhẹ bụng. Thịt bò bưng ra nhìn tươi, thái miếng vừa vặn, nhúng tái rồi cuốn với bánh tráng, thêm tí rau sống, dứa, chuối chát... chấm đẫm mắm nêm là đúng bài. Càng ăn về cuối nước càng ngọt mà không bị mặn hay đóng váng mỡ.
​Về cái không gian:
Điểm mình ưng nữa là cái không khí trong quán. Nó cứ trầm trầm, ấm cúng kiểu gì ấy, ánh sáng vàng nhẹ nên ngồi ăn thấy rất dễ chịu, thư thả. Đi với gia đình hay bạn bè ngồi thủ thỉ câu chuyện là hợp nhất.
​Về phục vụ:
Dù là ăn lẩu nhưng đồ lên khá nhanh, không phải ngồi nhìn nhau chờ đợi mệt mỏi. Nhân viên cũng nhẹ nhàng, cần gì gọi là có ngay chứ không phải kiểu gọi mãi mới thưa.
​Nói chung là nếu anh em đã chán mấy kiểu lẩu Thái cay nồng hay lẩu dầu mỡ, muốn tìm cái gì đó mộc mạc, ăn xong vẫn thấy người nhẹ nhàng thì cứ qua đây. Một bữa ăn rất vừa vặn, cả về túi tiền lẫn cái bụng.",5,2026-04-30T14:06:26.840Z,user_68323,102,0
Nhà Hàng Nét Huế,Ci9DQUlRQUNvZENodHljRjlvT21KeVNXSm5URFJJUzBwMWNGRXhjbTU1WjA0NFdYYxAB,"Quán quen của gia đình mình, đồ ăn ở đây lúc nào cũng giữ được phong độ. Điểm 9 cho chất lượng.",5,2026-04-30T06:31:01.153Z,user_66054,83,0
Nhà Hàng Nét Huế,Ci9DQUlRQUNvZENodHljRjlvT2prMk1UZENWRVZPWmxCMlQybE9hREV5ZG5wUFRrRRAB,Ok,5,2026-04-18T12:14:26.110Z,user_clone_65892,2,0
Nhà Hàng Nét Huế,Ci9DQUlRQUNvZENodHljRjlvT2tOdWQyUk9OWFF4YzNOYVREWkRTR3hDVmxJNVgzYxAB,"Bánh xèo nhiều dầu, đồ lên hơi lâu. Còn lại ổn",4,2026-04-15T18:25:47.044Z,user_77368,111,0
Nhà Hàng Nét Huế,Ci9DQUlRQUNvZENodHljRjlvT21SV2IyRlBjVkU1TldWSmIxZGtjakpyWlhGVmIwRRAB,"Thực sự là mình thích đồ ăn của Nét Huế, Láng Hạ. Tuy nhiên, cũng khá nhiều lần đến trải nghiệm, đồ ăn đều ra muộn. Cái buồn là không biết hệ thống có lỗi gì không nhưng có những bàn đến sau,  đồ ăn lại ra sớm, đầy đủ và nhanh hơn bàn mình. Mình chỉ gọi gỏi cuốn và bánh thui chắc tương tự các bàn bên cạnh. Mình nghĩ nét Huế thì đông và người khách như mình thì không cần. Btw mình nghĩ là cũng sẽ khách như mình nên mong cơ sở xem xét thêm 😏",2,2026-04-11T13:27:32.401Z,user_50688,15,0
Nhà Hàng Nét Huế,Ci9DQUlRQUNvZENodHljRjlvT20xaVIzVllja1JqTjFwTkxXWjFhWGhrV1RnM1psRRAB,Không biết bạn nữ đứng ở quầy là quản lý hay có chức vụ gì lớn không mà làm việc thiếu chuyên nghiệp. Mình đi cùng ny mình lúc thanh toán mình đứng chờ bill ny mình có lỡ dục mình (là dục mình) mà bạn nhân viên (nhìn bảng tên hình như tên gì gì Lan) có lẩm bẩm gì đấy và liếc ny mình. Mình hỏi lại thì bạn ấy không nói. Thực sự ra ngoài làm ngành dịch vụ mà như này thì mình xin phép chấm cho điểm âm,1,2026-04-09T14:17:08.176Z,user_39417,17,0
Nhà Hàng Nét Huế,Ci9DQUlRQUNvZENodHljRjlvT214RVFUYzJSVTEzYUc1WmVVWjNXbWxET0RSemVHYxAB,em k rõ quản lí hay nhân viên nhma thấy qli quát tháo nhân viên khi khách đang ăn rất là không hài lòng,2,2026-04-08T13:31:14.214Z,user_93946,64,0
Nhà Hàng Nét Huế,Ci9DQUlRQUNvZENodHljRjlvT2tKNlYyUkllVlF6UlZGTWJFbHFMVFJ2YkZwcFgzYxAB,Thu ngân làm việc thiếu chuyên nghiệp,1,2026-04-07T13:02:20.897Z,user_58981,105,1
Nhà Hàng Nét Huế,Ci9DQUlRQUNvZENodHljRjlvT2xadlNuVlNUbVZ6YjJGWFpuVjRRemxOV1hFeVVXYxAB,ân,1,2026-03-28T01:37:03.727Z,user_46607,115,0
Nhà Hàng Nét Huế,Ci9DQUlRQUNvZENodHljRjlvT2pKYVVtbDRNM1l0WmtGZk9FSkpXbUp4Y0VrNWMwRRAB,Đồ ăn tệ hơn các cơ sở khác của NH,1,2026-03-27T13:08:39.875Z,user_80740,14,1
Nhà Hàng Nét Huế,Ci9DQUlRQUNvZENodHljRjlvT21KYVN6bFdZM295YjBGalJHWXljVmwwUnpOa2JrRRAB,"Lần mình đến bếp bị quên đồ, các món khác đều lâu lên bàn
Đồ ăn ổn, bánh xèo bị hơi dai vỏ",4,2026-03-17T02:43:07.923Z,user_61958,53,1
Nhà Hàng Nét Huế,Ci9DQUlRQUNvZENodHljRjlvT2prdGRHb3hWVXg2UTJnMGVtZFpiWE52V1d4eE5FRRAB,"mình rất ít khi có dịp để trải nghiệm hết các cs NH,  đây cũng là lần đầu mình với ngyeu mình qua bên Láng ăn. Đồ ăn thì mình thấy khá ngon , tuy nhiên lên hơi chậm (món mình thấy lên nhanh nhất là bbh). Hơn hết mình muốn góp ý chút về cách xử lý vde khi mình thấy các bạn qua lại đàm với nhau khá to tiếng, mình thấy ngồi nghe thấy như vậy khá không thoải mái, thêm nữa khi mình thanh toán (1 phần bọn mình đi cuối tuần nên hơi đông) , mình thấy bạn thanh toán có thái độ khó chịu cho nên mình đánh giá trải nghiệm lần này là không tốt",3,2026-03-16T04:15:40.366Z,user_22028,18,0
Nhà Hàng Nét Huế,Ci9DQUlRQUNvZENodHljRjlvT25Bd2NHVnJZbVprV0VFdGRtNWpiamRwV2tONWEwRRAB,"Ăn Nét Huế ko biết bao nhiêu năm. Nhưng 1 năm gần đây nước dùng bún bò tệ thật sự. Hên lắm mới có hôm vừa vị, còn lại là nhạt toẹt ăn ko đậm đà như xưa.",2,2026-03-14T12:47:39.699Z,user_87071,14,0
Nhà Hàng Nét Huế,Ci9DQUlRQUNvZENodHljRjlvT21kblJVWTVXblp1ZERGNE9YWTVSbWhSZWw5ckxVRRAB,Bún bò Huế ngon,5,2026-03-13T05:37:37.803Z,user_21371,98,0
Nhà Hàng Nét Huế,Ci9DQUlRQUNvZENodHljRjlvT2paeVkzWjZOR0paY1RoSVYwdDVlWEZuUVV4MmIxRRAB,"Mình rất hay đi ăn các cơ sở NH của nhà hàng bên mình, nma hôm nay mình đi ăn mình phải chờ đồ ăn của chồng mình gần 30p. Bún của mình lên trước mình cố tình vừa ăn vừa đợi đồ ăn của chồng mìh để cùng ăn cho vui. Mình biết là ngày lễ rất dông khách và sự nhiệt tình cũng như sự thiếu chỉnh chu sẽ có, 2 món cơm thịt luộc và bánh khoái của mìn thì thật sự k thể lâu đến nỗi đấy đc vì mình vẫn thấy các bạn pv lên vẫn rất đều và đầy đủ cho các bàn khác. Mình có hỏi bạn pv và có lên đồ lại nma các b có mang thiếu nước chấm cho mình k? Mình cũng ngại kêu thêm làn nữa nma mình chờ thêm lúc nữa cũng k thấy bổ sung lại cho mình. Bên mình cần khác phục nhé, khá không hài lòng vì vợ chồng mình có lúc đã muốn bỏ về luôn😃",2,2026-03-08T16:18:20.603Z,user_11263,71,1
Nhà Hàng Nét Huế,Ci9DQUlRQUNvZENodHljRjlvT2tOMWRrdElORVJGZFVwV1IyZHRVelJqVm1WaU5tYxAB,Hôm nay là lần trải nghiệm tệ nhất của mình ở Nét Huế. Mình đợi đồ ăn rất lâu. Có hỏi nhân viên nhưng mà kh được nhân viên phản hồi. Thái độ rất là tệ. Mãi sau 40p mới có người trên bếp xuống báo là do nhân viên bê nhầm bàn nên mình lại phải đợi thêm. Gọi có 3 món mà chờ gần 1 tiếng mới lên đủ. !!!,3,2026-03-01T14:04:49.760Z,user_73561,20,0
Nhà Hàng Nét Huế,Ci9DQUlRQUNvZENodHljRjlvT21SMFh6WnBTVTlWWmpKdFEwZEtVVlZwYnpSTU9IYxAB,"Ăn buffet ở đây khá hời, nhiều món lựa chọn, hải sản tươi. Sẽ giới thiệu cho bạn bè.",5,2026-02-16T15:37:00.855Z,user_11283,22,0
Nhà Hàng Nét Huế,Ci9DQUlRQUNvZENodHljRjlvT2pKNk0zQkdlRFJmT1hoMmNsbE5lamRLV25aU2VrRRAB,"Không gian quán rộng rãi thoáng mát, view chụp ảnh khá đẹp. Món ăn lên nhanh nhưng sườn hơi dai một tí.",5,2026-02-04T14:54:08.609Z,user_18836,106,0
Nhà Hàng Nét Huế,Ci9DQUlRQUNvZENodHljRjlvT2s1a1kwMVVTMVZwT1MxVFREWkpWVzl1TFhaeU9WRRAB,Thái độ nhân viên quá tệ,1,2026-01-16T05:58:57.917Z,user_59656,35,0
Nhà Hàng Nét Huế,Ci9DQUlRQUNvZENodHljRjlvT2tRek5VNTZiSE15Y1VkM09YcEZaSFJPV2tkVVNuYxAB,"Không gian cảm giác hơi chật và kín dù quán khá rộng. Đồ ăn ngon 💖 nhân viên phục vụ ổn, bàn mình trong góc thì khá khó gọi khi quán đông.",4,2026-01-14T16:29:58.127Z,user_11086,102,0
Nhà Hàng Nét Huế,Ci9DQUlRQUNvZENodHljRjlvT25oUWNEVm1TRmN0VUU1eVpEQjRhMWhUU0VsU1NrRRAB,"Đồ ăn được, tuy nhiên một số món phải đợi hơi lâu. Khá đông đúc và chật trội vào buổi trưa",4,2025-12-23T08:40:07.537Z,user_12343,43,0
Nhà Hàng Nét Huế,Ci9DQUlRQUNvZENodHljRjlvT25WRVZEUTRjR1p2U0V0aGJsRlljVGxFWm1GMmNFRRAB,"Đồ ăn cũng ổn, nhân viên cần training lại làm việc thiếu chuyên nghiệp",3,2025-12-23T08:29:08.655Z,user_76042,64,0
Nhà Hàng Nét Huế,Ci9DQUlRQUNvZENodHljRjlvT2t4MU9GOXhPRkZ1WjNKbE1Fb3lWVzQwY3poVVEyYxAB,"Ăn buffet ở đây khá hời, nhiều món lựa chọn, hải sản tươi. Sẽ giới thiệu cho bạn bè.",4,2025-12-19T07:42:32.701Z,user_41700,90,1
Nhà Hàng Nét Huế,Ci9DQUlRQUNvZENodHljRjlvT21VeFpWVjZkamQzWkZabFFXUlBNaTFvVUV3emNIYxAB,"Phục vụ nhanh , không phải chờ , đồ ăn ngon, thái độ nhân viên không được tích cực",5,2025-12-09T11:10:28.487Z,user_clone_41539,1,0
Nhà Hàng Nét Huế,Ci9DQUlRQUNvZENodHljRjlvT21SUVlrbzJWRU10VkU5SlFta3hOVmN5U0Zad2NsRRAB,"Đồ ăn ổn, phục vụ nhanh, tuy nhiên nhân viên chưa thực sự chuyên nghiệp. Do không gian khá hẹp, khu vực chuẩn bị đồ gần với khách nên có hơi khó chịu khi nhân viên nói chuyện riêng hay gọi nhau",5,2025-11-29T11:02:31.880Z,user_97270,5,1
Nhà Hàng Nét Huế,Ci9DQUlRQUNvZENodHljRjlvT2xOaFZtZEZOMUJmVmpVMFdWRlpRV016VWs1RVQxRRAB,Ok,4,2025-11-05T09:25:03.510Z,user_73791,99,0
Nhà Hàng Nét Huế,Ci9DQUlRQUNvZENodHljRjlvT2pGc1JqVkdORWhmVkVSQ1RsaG1XR041VGsxRVNVRRAB,"Quán quen của gia đình mình, đồ ăn ở đây lúc nào cũng giữ được phong độ. Điểm 9 cho chất lượng.",5,2025-11-01T04:14:47.849Z,user_14918,74,1
Nhà Hàng Nét Huế,Ci9DQUlRQUNvZENodHljRjlvT2kxNVVHdFlSVFZIWkRsRWRteHFjRWxyV2t0RWRrRRAB,"Nước chấm hơi ngọt quá không hợp gu người Bắc lắm. Thịt nướng thơm, mềm, đóng gói cẩn thận.",3,2025-10-19T14:05:03.645Z,user_58289,74,1
Nhà Hàng Nét Huế,Ci9DQUlRQUNvZENodHljRjlvT2tSb1pVNVlibE5XVUZWc1NtaDFhek5QTW5sWlRFRRAB,"Hôm qua m vừa ăn món cơm thịt luộc nhà này, k thể nuốt nổi, m đã hỏi nhân viên, nhân viên cũng bảo hình như hấp bị lâu quá! Rồi m hỏi quản lý, nhưng thái độ bà quản lý rất hãm, cứ bảo  là bà ăn bà vẫn thấy bình thường. Bạn mình thử cũng k thấy ăn đc. Xong mình bảo bà cho khách thử xem, khách cũng chê là bị hơi dừ... quay lại hỏi nhân viên oder cho mình, thì lại trở mặt bảo e có chê gì đâu ạ. Đúng là chất lượng phục vụ, từ nhân viên và bà quản lý tóc ngắn quá kém. M bảo thịt có vấn đề có giảm giá gì k? Thì cứ bảo k vấn đề gì... nói thế m cũng chịu. Và k bao giờ quay lại cửa hàng này nữa. Các b đến đây phải để ý đồ ăn nhất là món thịt luộc. Ăn mất tiền mà mang bực vào người. Quá chán",1,2025-10-18T04:57:52.907Z,user_36245,18,1
Nhà Hàng Nét Huế,Ci9DQUlRQUNvZENodHljRjlvT2psMGRXRjRlVVo0VlZWME1tSjRSRkpKTWtkdlRHYxAB,"Giao hàng nhanh shipper thân thiện, đồ ăn ngon rẻ sạch sẽ đóng gói kỹ, nên mua nha cả nhà!",5,2025-10-10T01:00:35.572Z,user_clone_75990,1,0
Nhà Hàng Nét Huế,Ci9DQUlRQUNvZENodHljRjlvT2tsR1dsOHRjbXhvV0c1M1lXNDNPRVZoZFVjM1dWRRAB,Ngon nhất là món chè 🤣🤣🤣,3,2025-10-09T09:41:55.146Z,user_90797,81,1
Nhà Hàng Nét Huế,Ci9DQUlRQUNvZENodHljRjlvT2xCemFuRlllREU0VWxsZlRESnVZV1pFVm1SRFRtYxAB,"Vị ăn tạm ổn, không có gì quá xuất sắc nhưng sạch sẽ. Sẽ quay lại nếu có dịp đi cùng gia đình.",4,2025-09-30T00:54:26.778Z,user_91787,14,0
Nhà Hàng Nét Huế,Ci9DQUlRQUNvZENodHljRjlvT21Gd2VHRXpWbmhYUkVsbFJHNU9kR3hYVUVOdFFVRRAB,"Nhân viên hay quên. Mình sửa đánh giá để ko làm ảnh hưởng quá nhiều đến rating của quán, thái độ nhân viên cũng ko tệ nhưng các bạn quên quá nhiều lần và khá lúng túng trong việc xử lý, việc đó làm ảnh hưởng đến cảm xúc của mình. Mong quán sớm cải thiện.",4,2025-09-27T11:54:24.181Z,user_69326,96,1
Nhà Hàng Nét Huế,Ci9DQUlRQUNvZENodHljRjlvT2tveWVERkNXamxhU2tWUVNtSjZRMFEyUkhObFJXYxAB,"Vào quán gọi 3 món, gồm nem lụi, bún thịt nướng, bánh bột lọc. Quán mang nem lụi ra nhưng không mang giấy gạo cuốn. Sau khi chờ 15p, nhắc các nhân viên tận mấy lần vẫn không được hỗ trợ. Khi đăng bài là đã chờ tận 30p không được ăn",2,2025-09-27T05:40:27.923Z,user_62462,27,0
Nhà Hàng Nét Huế,Ci9DQUlRQUNvZENodHljRjlvT25ZMFIzSm5VMWxwUjFocWJsZFdXbWxqZW1OQ2QyYxAB,"đồ ăn cũng được nhưng lên quá lâu, mình hỏi đồ ăn baoh lên thì nvien bảo bị đứt dây mạng",2,2025-09-11T05:57:57.410Z,user_64915,57,1
Nhà Hàng Nét Huế,Ci9DQUlRQUNvZENodHljRjlvT2poS2JVOWxURFExZURsQlQzVmZlbVU0WTFkd1NuYxAB,"Quán ngay đầu ngõ nhà mình nên tiện tiếp khách hay lười nấu thì ra ăn. Như hệ thống Nét Huế thì đa dạng món nên cũng tiện! Quán ở phố nên hơi chật hẹp, bàn bé và lúc nào cũng khá đông
Nhân viên chưa có gì sai nhưng cần có thêm sự niềm nở tươi cười thì mới đáp ứng đc chất lượng dịch vụ tốt
Mình đánh giá sao cao vì ko muốn ảnh hưởng đến việc làm ăn ngày càng khó khăn, nhưng mong quán ngày càng nâng cao chất lượng dịch vụ",5,2025-09-08T03:05:50.530Z,user_90609,25,0
Nhà Hàng Nét Huế,Ci9DQUlRQUNvZENodHljRjlvT2xZeFUxZ3lkM2xoVlVSSmVFWmljbXRKVVhGR2FIYxAB,Đồ ăn lên chậm. Hết đồ vẫn cho khách gọi,1,2025-09-02T06:25:05.663Z,user_27533,17,0
Nhà Hàng Nét Huế,Ci9DQUlRQUNvZENodHljRjlvT2xSV05sbG1XVTVLUkcxbllXTnVNVVpSVWs5b1RtYxAB,"Không gian chung nhưng không bị ồn, nhân viên nhiệt tình, đồ ăn khá tốt. Nhìn chung chất lượng ăn uống tốt, ngay cả khi so sánh với các cơ sở nét Huế khác.",5,2025-08-21T10:19:02.559Z,user_clone_64192,2,0
Nhà Hàng Nét Huế,ChdDSUhNMG9nS0VJQ0FnSURmLTRXNThnRRAB,"——
Cập nhật lại: vì các bé nhà mình vẫn muốn ăn ở đây nên mình vẫn phải đi xe máy tới quán, thấy có xe oto đỗ trước ko vấn đề gì. Chắc chủ quán đã có trao đổi với hàng xóm. Xin phép sửa lại thành 4 sao. Cám ơn chủ quán.
—
Trải nghiệm cực kỳ tồi tệ.
Gia đình mình đc hướng dẫn đỗ xe vào nhà hàng. Tới lúc đang ăn thì bị bảo vệ nhà bên cạnh yêu cầu dời xe, mình có nói để vài phút ăn rồi đi. Nhưng cả nhân viên lẫn chủ quán đều để bảo vệ bên kia xỉ vả mình, cả nhà đành bỏ dở và rời đi.
Nhà mình ăn ở đây 8 năm do tiện đường nhưng trải nghiệm cực kỳ tồi tệ này làm mình ko muốn quay lại bất cứ quán Nét Huế nào cả.",4,2025-08-20T07:03:38.473Z,user_65896,34,0
Nhà Hàng Nét Huế,Ci9DQUlRQUNvZENodHljRjlvT2t4SldGOVNOeTFmVjE5Q2IyUklOSEpTYmtKS1owRRAB,"Ăn buffet ở đây khá hời, nhiều món lựa chọn, hải sản tươi. Sẽ giới thiệu cho bạn bè.",5,2025-08-02T10:32:06.727Z,user_72947,111,0
Nhà Hàng Nét Huế,Ci9DQUlRQUNvZENodHljRjlvT25SWE9GWlRYekZaWHpCWldrdENSVU5VUzNZM1gwRRAB,"Mình đi 2 người vào khoảng 6h45 tối thứ 3. Khi tụi mình vào quán, có nhiều nhân viên nhưng không ai ra tiếp đón. Quán thì siêu nóng, có điều hoà nhưng như không.

Đồ ăn ra nhanh nhưng nguội. Đồ ăn quá dở tệ. Bánh bèo thì chỉ có bột tôm. Bánh ướt thì chả khác gì phở cuốn, mỗi cuốn có đúng 1 mẩu thịt bé tí. Cháo tôm ăn thì tạm. Nói chung là chưa bao giờ ăn đồ Huế nào mà tệ và  nóng như thế này.",1,2025-07-29T12:28:24.096Z,user_93847,60,1
Nhà Hàng Nét Huế,Ci9DQUlRQUNvZENodHljRjlvT21KUlYxOHRlRE5xYWtweVVqTm5jSHBLVkdvNGFHYxAB,gỏi cuốn đúng 1 miếng thịt bé như này. quán nóng,1,2025-07-29T12:20:30.972Z,user_28116,14,0
Wulao無老鍋 (Wulao Vincom Bà Triệu),Ci9DQUlRQUNvZENodHljRjlvT21aYU5ERnJNV1pCTWtoVU5uUkdOVlpDVGxkWWVHYxAB,"Ăn buffet ở đây khá hời, nhiều món lựa chọn, hải sản tươi. Sẽ giới thiệu cho bạn bè.",5,2026-06-03T05:47:00.307Z,user_24962,7,1
Wulao無老鍋 (Wulao Vincom Bà Triệu),Ci9DQUlRQUNvZENodHljRjlvT2psZlJWWkVhMnhYUnpSa2QzbHhRbVExTlVGd2VIYxAB,"Không gian quán rộng rãi thoáng mát, view chụp ảnh khá đẹp. Món ăn lên nhanh nhưng sườn hơi dai một tí.",5,2026-06-03T05:46:16.714Z,user_38913,38,0
Wulao無老鍋 (Wulao Vincom Bà Triệu),Ci9DQUlRQUNvZENodHljRjlvT2xZd2MxQkRTREJ2YW5CemMxQmFjM1JCTmtWVExYYxAB,"Quán ăn ngon, đóng gói sạch sẽ cẩn thận, shipper giao nhanh, mọi người nên mua nha!!",5,2026-06-03T05:38:34.387Z,user_clone_17973,1,0
Wulao無老鍋 (Wulao Vincom Bà Triệu),Ci9DQUlRQUNvZENodHljRjlvT21aV01ISjBSVlJqVjFSdVNXSm5jMjFJWnpCTWMxRRAB,"Không gian quán rộng rãi thoáng mát, view chụp ảnh khá đẹp. Món ăn lên nhanh nhưng sườn hơi dai một tí.",5,2026-06-03T05:38:30.592Z,user_22181,52,0
Wulao無老鍋 (Wulao Vincom Bà Triệu),Ci9DQUlRQUNvZENodHljRjlvT21SNFJERmFUMFJmV0hsSlNHWlhNRTVJV2xCdk9GRRAB,"Quán sạch sẽ đồ ăn ngon, shipper giao nhanh nhiệt tình, đóng gói rất kỹ, 10 điểm uy tín cả nhà ơi.",5,2026-06-03T05:38:13.874Z,user_clone_62089,1,0
Wulao無老鍋 (Wulao Vincom Bà Triệu),Ci9DQUlRQUNvZENodHljRjlvT2xoNGJVMW1jbVYwVDNaUmVFUmZTVEJmY2psck9WRRAB,"Quán quen của gia đình mình, đồ ăn ở đây lúc nào cũng giữ được phong độ. Điểm 9 cho chất lượng.",5,2026-06-03T05:37:34.269Z,user_64962,51,0
Wulao無老鍋 (Wulao Vincom Bà Triệu),Ci9DQUlRQUNvZENodHljRjlvT2s1U1MwMXZRMEZWTms4M00xVkZObmxFYVdoU1MxRRAB,"Vị ăn tạm ổn, không có gì quá xuất sắc nhưng sạch sẽ. Sẽ quay lại nếu có dịp đi cùng gia đình.",5,2026-06-03T05:37:32.934Z,user_80248,28,1
Wulao無老鍋 (Wulao Vincom Bà Triệu),Ci9DQUlRQUNvZENodHljRjlvT25WRlZtaE1UWGwwWTJaSVZsVkVia2hHU1hGdGJuYxAB,"Quán quen của gia đình mình, đồ ăn ở đây lúc nào cũng giữ được phong độ. Điểm 9 cho chất lượng.",4,2026-06-03T05:36:56.717Z,user_39523,88,0
Wulao無老鍋 (Wulao Vincom Bà Triệu),Ci9DQUlRQUNvZENodHljRjlvT21WSmRrZDNORkZtVW1scWJra3dlVTh5TVRCWU5XYxAB,"Quán quen của gia đình mình, đồ ăn ở đây lúc nào cũng giữ được phong độ. Điểm 9 cho chất lượng.",5,2026-06-03T05:36:29.653Z,user_46002,96,0
Wulao無老鍋 (Wulao Vincom Bà Triệu),Ci9DQUlRQUNvZENodHljRjlvT2xreFIyMUVOMWhmYlhCV1dUTlpSVU5IYldrdGRVRRAB,"Giao hàng nhanh shipper thân thiện, đồ ăn ngon rẻ sạch sẽ đóng gói kỹ, nên mua nha cả nhà!",5,2026-06-03T05:36:25.816Z,user_clone_77827,2,0
Wulao無老鍋 (Wulao Vincom Bà Triệu),Ci9DQUlRQUNvZENodHljRjlvT21kNVMxTnZTbEZQUWxJNWNFcDZUMGgwTWpWRGIwRRAB,"Lẩu ngon, nhân viên nhiệt tình",5,2026-06-03T05:31:37.518Z,user_clone_10991,1,0
Wulao無老鍋 (Wulao Vincom Bà Triệu),Ci9DQUlRQUNvZENodHljRjlvT2w5aWVrUmFkbm80VmsweFdrOW9Wbk5ETVVwcVNGRRAB,"Ăn buffet ở đây khá hời, nhiều món lựa chọn, hải sản tươi. Sẽ giới thiệu cho bạn bè.",5,2026-06-03T05:30:45.836Z,user_43864,108,0
Wulao無老鍋 (Wulao Vincom Bà Triệu),Ci9DQUlRQUNvZENodHljRjlvT2w5c1l6UlJZVmx1WTNSeFoyaFBhelIyVDBsSFozYxAB,"Ăn buffet ở đây khá hời, nhiều món lựa chọn, hải sản tươi. Sẽ giới thiệu cho bạn bè.",5,2026-06-03T05:30:26.300Z,user_15754,87,0
Wulao無老鍋 (Wulao Vincom Bà Triệu),Ci9DQUlRQUNvZENodHljRjlvT21OemQxUnFXRTVwYkV3dGFrTmxPRkkxWlZsV09XYxAB,Đồ ăn tuyệt vời,5,2026-06-03T04:41:04.950Z,user_14693,14,1
Wulao無老鍋 (Wulao Vincom Bà Triệu),Ci9DQUlRQUNvZENodHljRjlvT2xwTWNWRnJiVmxPWjFOVFIwTmlNell0UzFwQ1VWRRAB,Sẽ giới thiệu cho bạn bè lần sau,5,2026-06-03T04:37:36.904Z,user_clone_86073,2,0
Wulao無老鍋 (Wulao Vincom Bà Triệu),Ci9DQUlRQUNvZENodHljRjlvT25aemNUazFjbHBIVUhJd1IyTm9OMVJ0UVdsdFJtYxAB,"Không gian tuyệt vời, đồ ăn tươi ngon, phục vụ chu đáo ♥️",5,2026-06-03T04:37:06.108Z,user_55256,60,0
Wulao無老鍋 (Wulao Vincom Bà Triệu),Ci9DQUlRQUNvZENodHljRjlvT25WaWQweExUbUp4TkU4eFMwWlZVVzlOYWtkV1RrRRAB,"Món ăn ngon, phục vụ chu đáo",5,2026-06-03T04:36:23.487Z,user_clone_11837,2,0
Wulao無老鍋 (Wulao Vincom Bà Triệu),Ci9DQUlRQUNvZENodHljRjlvT2s1R0xVZEhSRVJNY0dJMlFVVTRjbUpuTldWeFVrRRAB,Quán ăn sạch sẽ thoáng mát nhân viên nhiệt tình,5,2026-06-02T16:11:16.202Z,user_11055,11,0
Wulao無老鍋 (Wulao Vincom Bà Triệu),Ci9DQUlRQUNvZENodHljRjlvT2pGdUxVaFFlbWxrZVdsTlp6VTBObFJCU0hJdFVtYxAB,"Đồ ăn ngon tuyệt vời, đóng gói cẩn thận sạch sẽ, giao hàng siêu nhanh luôn á, sẽ ủng hộ tiếp.",5,2026-06-02T14:36:34.526Z,user_clone_29506,2,0
Wulao無老鍋 (Wulao Vincom Bà Triệu),Ci9DQUlRQUNvZENodHljRjlvT2xoMGJ6SlBlSFpFUlhsUFVqQnlWVWQzZVRWcU1sRRAB,Quán ngon dịch vụ tốt,5,2026-06-02T09:23:53.201Z,user_42302,11,0
Wulao無老鍋 (Wulao Vincom Bà Triệu),Ci9DQUlRQUNvZENodHljRjlvT25OcGJXdEViRmx2VkVkNGJIWTJZV0ZhWmxGVU1XYxAB,Đồ ăn ngon dịch vụ tốt sẽ quay lại,5,2026-06-02T08:55:29.908Z,user_72763,75,1
Wulao無老鍋 (Wulao Vincom Bà Triệu),Ci9DQUlRQUNvZENodHljRjlvT2tsMGMwSk1SR2hQUkhGUFZWcFBTbWR2VUdwSWIyYxAB,đồ ăn ngon dịch vụ tốt,5,2026-06-02T08:54:54.701Z,user_clone_64092,2,0
Wulao無老鍋 (Wulao Vincom Bà Triệu),Ci9DQUlRQUNvZENodHljRjlvT25oMlJHRXRSR0ZVYzBFeVZUUnphR1JLUVdKdWRuYxAB,đồ ăn khá ngon,5,2026-06-02T08:53:41.313Z,user_56174,15,0
Wulao無老鍋 (Wulao Vincom Bà Triệu),Ci9DQUlRQUNvZENodHljRjlvT2s1Q01YbHBiMUJyTjIxcU1tZ3RiRmRKZEhsVGNuYxAB,"Quán ăn ngon, đóng gói sạch sẽ cẩn thận, shipper giao nhanh, mọi người nên mua nha!!",5,2026-06-02T08:48:15.963Z,user_clone_47423,2,0
Wulao無老鍋 (Wulao Vincom Bà Triệu),Ci9DQUlRQUNvZENodHljRjlvT2tFNFNYbFdVa1pKTVVSbWRWZEJPWEpqVUhsRFVIYxAB,"Quán ăn ngon, đóng gói sạch sẽ cẩn thận, shipper giao nhanh, mọi người nên mua nha!!",5,2026-06-02T07:31:05.464Z,user_clone_41259,1,0
Wulao無老鍋 (Wulao Vincom Bà Triệu),Ci9DQUlRQUNvZENodHljRjlvT2xOUGMwUXpVMjVsYVZremVrbFBNVGsxVVRSc1NVRRAB,"Vị ăn tạm ổn, không có gì quá xuất sắc nhưng sạch sẽ. Sẽ quay lại nếu có dịp đi cùng gia đình.",5,2026-06-02T07:29:50.478Z,user_85633,15,0
Wulao無老鍋 (Wulao Vincom Bà Triệu),Ci9DQUlRQUNvZENodHljRjlvT2tnMFoyNHlZUzFUV1VGbWJrZzFhSFZHVGtsTGJFRRAB,Đưa gđ đi ăn mọi ng đều hài lòng về đồ ăn và dịch vụ 👍,5,2026-06-02T07:25:05.779Z,user_27311,44,0
Wulao無老鍋 (Wulao Vincom Bà Triệu),Ci9DQUlRQUNvZENodHljRjlvT21sS05tSmpZM2hSU25NMlRrOVdPREZRV2xKSVlWRRAB,"Nước lẩu đậm đà hợp vị mình, đồ nhúng tươi ngon sạch sẽ. Giá cả có hơi cao một chút nhưng xứng đáng chất lượng.",5,2026-06-02T07:23:57.312Z,user_68700,28,0
Wulao無老鍋 (Wulao Vincom Bà Triệu),Ci9DQUlRQUNvZENodHljRjlvT2xGQlIycE1NRGxWTnpsR2QweHdPVjlYUlVkSVFrRRAB,"Đồ ăn ngon, nhân viên phục vụ chu đáo nhiệt tình. Điểm trừ là cuối tuần hơi đông nên phải chờ bàn hơi lâu.",5,2026-06-02T07:16:25.425Z,user_20620,53,0
Wulao無老鍋 (Wulao Vincom Bà Triệu),Ci9DQUlRQUNvZENodHljRjlvT2paTmIzVXdRMGhWV21sVk5tdHlURzFxV21kc1lWRRAB,"Đồ ăn ngon tuyệt vời, đóng gói cẩn thận sạch sẽ, giao hàng siêu nhanh luôn á, sẽ ủng hộ tiếp.",5,2026-06-02T07:15:52.495Z,user_clone_20031,2,0
Wulao無老鍋 (Wulao Vincom Bà Triệu),Ci9DQUlRQUNvZENodHljRjlvT2toMmJuWkRka2RRYVZnemJEUTBVMXB4YTJOd2FGRRAB,"Quán sạch sẽ đồ ăn ngon, shipper giao nhanh nhiệt tình, đóng gói rất kỹ, 10 điểm uy tín cả nhà ơi.",5,2026-06-02T07:13:44.077Z,user_clone_38310,2,0
Wulao無老鍋 (Wulao Vincom Bà Triệu),Ci9DQUlRQUNvZENodHljRjlvT2psTE5WcFhTVlJSYWpWMVQzWjFXVEZZVDNJMllXYxAB,Đồ ăn ngon nhân viên nhiệt tình,5,2026-06-02T07:09:32.954Z,user_clone_86493,2,0
Wulao無老鍋 (Wulao Vincom Bà Triệu),Ci9DQUlRQUNvZENodHljRjlvT21OWFpIVnZSakpuV2xKcmJXSlBZbU4yTlVsRmVuYxAB,"Giao hàng nhanh shipper thân thiện, đồ ăn ngon rẻ sạch sẽ đóng gói kỹ, nên mua nha cả nhà!",5,2026-06-02T06:26:00.989Z,user_clone_99469,2,0
Wulao無老鍋 (Wulao Vincom Bà Triệu),Ci9DQUlRQUNvZENodHljRjlvT2tsaU5uTjRVMVJCU1RoQ2NqTndNa3RCT1ZVM2JXYxAB,Món ăn rất ngon và hợp khẩu vị của tôi(1 set hải sản hàm du) mặc dù tôi là 1 người khá khó tính trong việc lựa chọn đồ ăn.1 điểm cộng là nhân viên ở đây rất dễ thương và nhiệt tình khi đưa ra gợi ý món.Khá là chill khi ăn ở trong quán.Nói chung là mong sắp tới quán có thêm nhiều chương trình ưu đãi hơn thì sẽ có dịp đến thăm 1 lần nữa.Tuyệt vời!,5,2026-06-02T06:13:16.190Z,user_71601,72,0
Wulao無老鍋 (Wulao Vincom Bà Triệu),Ci9DQUlRQUNvZENodHljRjlvT21ONlprWjVUbUo1WlZCQ1QwZHlRM1p0WW5sdFQwRRAB,tuyet voi,5,2026-06-02T06:10:44.877Z,user_42549,41,0
Wulao無老鍋 (Wulao Vincom Bà Triệu),Ci9DQUlRQUNvZENodHljRjlvT2tWTVJIWlNWMTl1V1RSQlpXMTNObVpJUzIxeU1YYxAB,"đồ ăn ngon tươi mới, nv phục vụ nhiệt tình",5,2026-06-02T06:08:52.791Z,user_90850,59,1
Wulao無老鍋 (Wulao Vincom Bà Triệu),Ci9DQUlRQUNvZENodHljRjlvT21rMlUwRTFaVkJZV0dKdWNFRklkRFJsVEdka05VRRAB,rất hợp vị phục vụ rất chu đáo,5,2026-06-02T06:07:36.934Z,user_clone_65745,2,0
Wulao無老鍋 (Wulao Vincom Bà Triệu),Ci9DQUlRQUNvZENodHljRjlvT2pkeFdsOUNiVGhUYzJkNVNHOWFTR0ZOUm14Q2MwRRAB,Tuyetvoivoler,5,2026-06-02T06:06:12.448Z,user_clone_37291,2,0
Wulao無老鍋 (Wulao Vincom Bà Triệu),Ci9DQUlRQUNvZENodHljRjlvT21KV1YxUXhWbkV0WVV4dmNIVlNWVW8yV0VoTFZGRRAB,"hôm nay ăn lẩu tê cay
có năm miếng tiết nhìn hay quá chừng",5,2026-06-02T05:54:40.892Z,user_23486,35,0
Wulao無老鍋 (Wulao Vincom Bà Triệu),Ci9DQUlRQUNvZENodHljRjlvT2prMWRtaE1kbkptUlVwR2FESndiVUo2VG5aWFQzYxAB,"đồ ăn siêu ngon nhe (đặc biệt là tôm phỉ thúy với tôm viên), nhân viên take care tận tâm, sẽ quay lại nhiều",5,2026-06-02T05:54:31.142Z,user_73723,105,1
Wulao無老鍋 (Wulao Vincom Bà Triệu),Ci9DQUlRQUNvZENodHljRjlvT2pOT1JWZEdObVJKWjNSelZGaENTalptUTNwTFZVRRAB,"Nước lẩu đậm đà hợp vị mình, đồ nhúng tươi ngon sạch sẽ. Giá cả có hơi cao một chút nhưng xứng đáng chất lượng.",5,2026-06-02T04:00:15.170Z,user_50988,71,0
Wulao無老鍋 (Wulao Vincom Bà Triệu),Ci9DQUlRQUNvZENodHljRjlvT2xWV2VGWkJPVVV6UVhoR1JYQTNiazFHUW10dWQzYxAB,"Nước lẩu đậm đà hợp vị mình, đồ nhúng tươi ngon sạch sẽ. Giá cả có hơi cao một chút nhưng xứng đáng chất lượng.",5,2026-06-02T03:59:41.081Z,user_42739,31,0
Wulao無老鍋 (Wulao Vincom Bà Triệu),Ci9DQUlRQUNvZENodHljRjlvT2xabFJIVnZPSFJsZERrMFJUWklORWc1U1RoclkwRRAB,ngon,5,2026-06-02T03:59:30.219Z,user_clone_53524,1,0
Wulao無老鍋 (Wulao Vincom Bà Triệu),Ci9DQUlRQUNvZENodHljRjlvT2xVd2RpMDRXWEF3ZFU5MFMzUnBXR1ZsUkdKelRVRRAB,Ngon,5,2026-06-02T01:48:09.178Z,user_clone_87017,2,0
Wulao無老鍋 (Wulao Vincom Bà Triệu),Ci9DQUlRQUNvZENodHljRjlvT25GVGVUaDRjMlY0TjBOTmJXOXVkeTE1YUhsTE5rRRAB,"Ăn buffet ở đây khá hời, nhiều món lựa chọn, hải sản tươi. Sẽ giới thiệu cho bạn bè.",5,2026-06-01T14:54:00.721Z,user_13877,76,0
Wulao無老鍋 (Wulao Vincom Bà Triệu),Ci9DQUlRQUNvZENodHljRjlvT2xNNE1WQkZNeTFWVkhCck0zRnlja3Q1Y1VSemVHYxAB,"Đồ ăn ngon tuyệt vời, đóng gói cẩn thận sạch sẽ, giao hàng siêu nhanh luôn á, sẽ ủng hộ tiếp.",5,2026-06-01T14:50:06.160Z,user_clone_24866,1,0
Wulao無老鍋 (Wulao Vincom Bà Triệu),Ci9DQUlRQUNvZENodHljRjlvT2twc1gwRjFiMEpoTm5reVdGUktTMVF3WkVGSVdWRRAB,"Nhân viên phục vụ nhiệt tình, ngoan ngoãn, lễ phép. Đồ ăn ngon",5,2026-06-01T13:28:02.324Z,user_clone_71059,2,0
Wulao無老鍋 (Wulao Vincom Bà Triệu),Ci9DQUlRQUNvZENodHljRjlvT2tGbE5VUjFWemRrTjBkR1kwbGhVbXMxTTNZNVoxRRAB,"Ăn buffet ở đây khá hời, nhiều món lựa chọn, hải sản tươi. Sẽ giới thiệu cho bạn bè.",5,2026-06-01T12:58:35.676Z,user_94276,34,1
Wulao無老鍋 (Wulao Vincom Bà Triệu),Ci9DQUlRQUNvZENodHljRjlvT2xGblVUVlpWVTAzTnkxS1REVnVSbEIzWldwU1YxRRAB,"Ăn buffet ở đây khá hời, nhiều món lựa chọn, hải sản tươi. Sẽ giới thiệu cho bạn bè.",5,2026-06-01T12:55:39.951Z,user_54382,95,0
Wulao無老鍋 (Wulao Vincom Bà Triệu),Ci9DQUlRQUNvZENodHljRjlvT2pWc2NGSXhPRU5CY2taRVFqSjFibWQ1WkZsNmVrRRAB,Tôi đã ăn nhiều lần rất ngon ạ,5,2026-05-31T14:02:40.261Z,user_29550,6,1
Bánh Tráng Thịt Heo Giang Mỹ Cơ Sở 1,Ci9DQUlRQUNvZENodHljRjlvT2tKbFgxcHNlbkZqUTBwS1pubFdZbXBYYVhGMFgxRRAB,"Đồ ăn tạm ổn, menu phong phú nhưng phục vụ hơi chậm.
Quán bắt đầu có mùi thức ăn khá đậm trong không gian và sàn khá dính. Cảm giác chưa chỉn chu.",4,2026-05-30T14:20:47.256Z,user_74180,102,0
Bánh Tráng Thịt Heo Giang Mỹ Cơ Sở 1,Ci9DQUlRQUNvZENodHljRjlvT205SGRFTkplV3B4WTFST1gyaE5SbTl6UWpaTFFVRRAB,"Đang ăn thì nhân viên tắt điều hoà để đuổi khách, thái độ không thể chấp nhận được",1,2026-05-28T06:49:52.466Z,user_64527,45,0
Bánh Tráng Thịt Heo Giang Mỹ Cơ Sở 1,Ci9DQUlRQUNvZENodHljRjlvT2xkVVRWaHJRM0pEUzJSSmFVdHNURlJyZFhaSGJsRRAB,"Trước mình ăn thấy quầy line khá nhiều nhưng có vẻ nhà hàng bỏ đi khá nhiều r thì phải, quay lại vì đợt trước ăn cái mắm cá ngon giờ bỏ mất r tiếc ghê, nhưng thôi vì đồ ăn vẫn khá ổn nên cho nhà hàng 5 sao",5,2026-05-27T13:25:15.845Z,user_clone_28529,2,0
Bánh Tráng Thịt Heo Giang Mỹ Cơ Sở 1,Ci9DQUlRQUNvZENodHljRjlvT21oaGQxcFdkRWgxV21NelFuZEdjRmt6YlU5UlZtYxAB,đồ ăn ngon phục vụ tốt mình sẽ quay lại,5,2026-05-27T13:16:17.671Z,user_54764,107,0
Bánh Tráng Thịt Heo Giang Mỹ Cơ Sở 1,Ci9DQUlRQUNvZENodHljRjlvT2xCU2FuSlFjRFEyWWxwSmFqYzBTVXhFTlhrM1UxRRAB,"Đã ăn nhiều cơ sở của Giang Mỹ nhưng lần đầu tiên ăn ở đây và trải nghiệm quá tệ. Mình gọi 1 cá lăng nướng và 1 heo quay. Bình thường cá ở các cơ sở khác rất ngon, lần này mình ăn cá rất khô ăn như bột. Bạn mình ăn được ba miếng không chịu nổi nữa báo nhân viên, các bạn cũng hỗ trợ đổi các miếng còn lại. Sau khi ăn bạn mình cảm giác chướng bụng và khó chịu, đến tối về bạn mình vẫn đau bụng âm ỉ và cuối cùng nôn hết ra thì đỡ, khổ thật sự. Bọn mình chỉ ăn tối ở Giang Mỹ, không ăn gì khác. Không biết có phải quán dùng cá đông lạnh quá lâu không. Sẽ không quay lại.",1,2026-05-27T03:49:16.164Z,user_40047,60,0
Bánh Tráng Thịt Heo Giang Mỹ Cơ Sở 1,Ci9DQUlRQUNvZENodHljRjlvT21WcGIxWlVOMG80TnkxMk4yaHBla3hVUWxkSmRYYxAB,"Thái độ nhân viên hơi kém, gọi thêm đồ mà mãi không thấy mang lên. Được cái đồ ăn cứu vớt lại khá ngon.",1,2026-05-21T16:19:05.532Z,user_67137,23,0
Bánh Tráng Thịt Heo Giang Mỹ Cơ Sở 1,Ci9DQUlRQUNvZENodHljRjlvT25WS2NUSjNSRWRaZFhCRGIydG9hbXRuUTBwWlFsRRAB,"Thái độ nhân viên kém từ quản lý thu ngân đến phục vụ bàn , người ta ăn mất tiền chứ ko xin của quán lên thể hiện thái độ cũng vừa phải",1,2026-05-18T14:01:49.496Z,user_50987,38,0
Bánh Tráng Thịt Heo Giang Mỹ Cơ Sở 1,Ci9DQUlRQUNvZENodHljRjlvT2pCT1FXSmtNblpqV1ZweFNVZEJabFZtUzFONFNrRRAB,"Quite delicious food. Got bánh tráng cuốn thịt heo, cá linh chuối đậu and chả ốc.",5,2026-05-14T13:29:28.189Z,user_45589,52,0
Bánh Tráng Thịt Heo Giang Mỹ Cơ Sở 1,Ci9DQUlRQUNvZENodHljRjlvT2poYU1WTkhlVmR5VkVwdVFYSjVSMUI0UkVsTVJsRRAB,"Quẩy thiếu đồ kêu hết . Có 3 món thi 2 món hết . Phục vụ kêu mãi k thấy đâu. Xin gi đều bảo k co, cụ thể như xin tỏi cũng bảo k có .
Thịt cuốn thi thái mỏng và vụn",1,2026-05-14T11:06:38.653Z,user_57416,13,0
Bánh Tráng Thịt Heo Giang Mỹ Cơ Sở 1,Ci9DQUlRQUNvZENodHljRjlvT2psVk5uTkVSVGhFWmpoS1dYWkVaVWROUkZkQ1ZXYxAB,"Thu 50k khu quầy line cho 2 khách nhưng tất cả các khay đều trống hết sạch đồ. Mang cho khách 2 tập bánh tráng dùng dở mỗi tập 2-3 tờ, khi xin thêm thì nv lờ đi không mang ra. Giá cao so với các hàng cuốn nổi tiếng khác.",1,2026-05-10T07:04:14.999Z,user_36098,19,0
Bánh Tráng Thịt Heo Giang Mỹ Cơ Sở 1,Ci9DQUlRQUNvZENodHljRjlvT2t0dGMwUnBUVE4zZEdVdGNtcE5lRU5wYm5sa05HYxAB,mình thấy ăn đắt mà chất lượng đồ ăn bình thường,3,2026-05-07T09:51:09.054Z,user_11038,30,0
Bánh Tráng Thịt Heo Giang Mỹ Cơ Sở 1,Ci9DQUlRQUNvZENodHljRjlvT2xoNk5DMUpPVm8xYjJvMmFsQkZNVkZrZVc5emVsRRAB,"Nhà hàng ồn ào. Đồ ăn không ngon, nhiều ruồi đậu vào đồ ăn mất vệ sinh. Nhân viên chưa có kinh nghiệm. Phụ thu quầy line bất hợp lý, kể cả khách không có nhu cầu sử dụng.",1,2026-05-01T05:34:05.351Z,user_66456,16,0
Bánh Tráng Thịt Heo Giang Mỹ Cơ Sở 1,Ci9DQUlRQUNvZENodHljRjlvT2taS09YQk9iSFZQWDJKZlZHZG1lVVY2Ulc1YVpuYxAB,"Đồ ăn ngon, không gian đẹp, phù hợp đông người",5,2026-04-26T10:30:10.934Z,user_clone_92326,2,0
Bánh Tráng Thịt Heo Giang Mỹ Cơ Sở 1,Ci9DQUlRQUNvZENodHljRjlvT21oRFFtdG9hblY0ZVdNeGRWQjZWV3hPTjFOamFrRRAB,Đồ ăn rất ngon và phục vụ tốt,5,2026-04-25T09:39:38.440Z,user_12350,99,0
Bánh Tráng Thịt Heo Giang Mỹ Cơ Sở 1,Ci9DQUlRQUNvZENodHljRjlvT25neGJEVnVNRmxCY0hkSVZqSmZRazFYTTBSdFNuYxAB,"Đồ ăn ngon, trải nghiệm rất tốt. Đến đây khuyên mọi người ăn món bánh tráng thịt nướng đầu tiên",5,2026-04-25T09:17:42.949Z,user_99057,29,0
Bánh Tráng Thịt Heo Giang Mỹ Cơ Sở 1,Ci9DQUlRQUNvZENodHljRjlvT2pCcE5VNUZaalZHVlRaeGRYcEZPR280TlZZMU9WRRAB,"Đồ ăn ngon, nhân viên nhiệt tình. Sẽ quay lại nhiều lần tới",5,2026-04-24T23:38:57.327Z,user_70876,28,0
Bánh Tráng Thịt Heo Giang Mỹ Cơ Sở 1,Ci9DQUlRQUNvZENodHljRjlvT2pGUWF6RTROMkZpTm5KWmVYWXRaVlpZVEdKU1FXYxAB,"đồ ăn ngon, đa dạng món, phục vụ tận tình",5,2026-04-24T08:24:46.401Z,user_33892,48,0
Bánh Tráng Thịt Heo Giang Mỹ Cơ Sở 1,Ci9DQUlRQUNvZENodHljRjlvT2t4SGNrWkdjVzEzT0hCb1oxTTJTVEo1UldSb2RFRRAB,"Quầy line bắt buộc 25k toàn đồ dở tệ, nhìn bẩn. Bước vào thì mùi ẩm mốc. Nhânn viên thì kê ghế hay đặt bát đĩa tạo tiếng ồn lớn.Gọi 3 món thì như đồ làm sẵn từ lâu. Cá kèo nướng ít ra phải còn ấm chứ nguội ngắt.",1,2026-04-24T04:44:27.261Z,user_26227,79,1
Bánh Tráng Thịt Heo Giang Mỹ Cơ Sở 1,Ci9DQUlRQUNvZENodHljRjlvT2t4cmRqQllUWFZ3VjNwT1JHNU9hV3ByVW5aR1dVRRAB,Đồ ăn ngon nên thử nha cả nhàaaa,5,2026-04-23T07:18:17.428Z,user_clone_88767,2,0
Bánh Tráng Thịt Heo Giang Mỹ Cơ Sở 1,Ci9DQUlRQUNvZENodHljRjlvT205Wk1HMDFlRU14Tkdwb09FMHlXRFV4YlZabFZFRRAB,"Nhân viên không tư vấn đầy đủ trc khi khách gọi đồ,  ban đầu chỉ báo 25k quầy line , chúng tôi đang ăn thì ra bảo không đủ 150k / người thì vé vào cửa từ 25k thành 59k . Tôi đang đánh giá khi tôi ngồi trực tiếp ở quán luôn . Bất lịch sự vô cùng .",1,2026-04-20T06:10:41.011Z,user_18036,52,0
Bánh Tráng Thịt Heo Giang Mỹ Cơ Sở 1,Ci9DQUlRQUNvZENodHljRjlvT25GdGVXVjNOSFJPTTI5c09VOXJaMjl4UzBOck5GRRAB,Bạn Khà Thị Thu lên trả tiền cho mình ạ bạn vẫn đi làm ở nhà hàng mà không trả tiền cho mình là sao ạ mình cho soạn các cơ sở đấy ạ,1,2026-04-19T11:34:26.130Z,user_42957,102,1
Bánh Tráng Thịt Heo Giang Mỹ Cơ Sở 1,Ci9DQUlRQUNvZENodHljRjlvT21wQ1NqVnVhVWxVY21SM2JHVXdUMHRVZVROeWExRRAB,"Bánh tráng cuốn ngon vchhh. Không gian rộng, đẹp, xịnnn",5,2026-04-14T03:46:58.545Z,user_42975,58,0
Bánh Tráng Thịt Heo Giang Mỹ Cơ Sở 1,Ci9DQUlRQUNvZENodHljRjlvT2tod2VIbEhSVzh6V25kU2IwaDNlalZ3T1RkbWNVRRAB,"Quán ăn rộng rãi, đồ ăn ngon, chỉn chu, nv ngoan, phù hợp tiệc gia đình, hội nhóm, công ty",5,2026-04-13T10:49:57.359Z,user_99678,10,0
Bánh Tráng Thịt Heo Giang Mỹ Cơ Sở 1,Ci9DQUlRQUNvZENodHljRjlvT21aT1ZFNDNlVXd4U0d4SGNtVlBVbE5YTVhCT00zYxAB,"Quán đồ ăn ngon, hợp khẩu vị. Nhân viên tư vấn nhiệt tình, chân thành, đặt mình vào cương vị khách để tư vấn. Rất ưng nhé ạ!",5,2026-04-13T09:37:51.398Z,user_20057,115,1
Bánh Tráng Thịt Heo Giang Mỹ Cơ Sở 1,Ci9DQUlRQUNvZENodHljRjlvT25Kd01HeEtjM1p2TjJoVk4xTklkbEZQUjNOT04zYxAB,"Đồ ăn khá ổn. Mình khá là hay ăn ở chuỗi cửa hàng này nhưng cơ sở này thì lần này sẽ là lần cuối. Thái độ của nv cực kỳ tệ.
Chính sách vào cửa và giá nv đã phổ biến từ đầu rồi, kh nắm được nhưng mới dùng bữa thì nv đi tới cao giọng nhắc nhở “các chị gọi chưa đủ 150k/người. Các chị gọi thêm đồ giúp em”
Làm ảnh hưởng tới trải nghiệm dùng bữa của khách hàng, khó chịu thực sự. Nếu khách đứng lên đi về k nói, mới ra đc 2 món, đang ngồi ăn. Có cần phải vậy k?",3,2026-04-05T05:05:54.147Z,user_69184,51,1
Bánh Tráng Thịt Heo Giang Mỹ Cơ Sở 1,Ci9DQUlRQUNvZENodHljRjlvT21kamQwWTViV3N0T1RGMlNUbFpiVXR5TWw5TFdWRRAB,"Mình thấy ở mức vừa phải, không quá xuất sắc, hôm đó nhậu nên k chụp lại ảnh :)))",4,2026-03-25T16:09:46.441Z,user_40830,97,0
Bánh Tráng Thịt Heo Giang Mỹ Cơ Sở 1,Ci9DQUlRQUNvZENodHljRjlvT2sxamIyMXZkR3c0YkUxdFl6RkVTV3h2TUhOeGJYYxAB,"Khởi đầu đặt món xong nhân viên k xác nhận
Về món thì nước lẩu rất mặn
Gọi thêm nước nhân viên đứng quầy nc k care khách
Sau khi gọi lớn thì nhân viên ra quầy tiếp nhận và 5ph sau quay lại hỏi nước lẩu vẫn chưa ra à a
Nói chung là trải nghiệm tệ
Không đáng để quay lại",1,2026-03-24T12:38:52.518Z,user_66908,72,0
Bánh Tráng Thịt Heo Giang Mỹ Cơ Sở 1,Ci9DQUlRQUNvZENodHljRjlvT2t0SVNsaFRSWGhoVHkxbFMxazVTR0YwYWpJdGJuYxAB,"Ngon, hơi ồn",5,2026-03-24T00:51:37.804Z,user_clone_97047,1,0
Bánh Tráng Thịt Heo Giang Mỹ Cơ Sở 1,Ci9DQUlRQUNvZENodHljRjlvT2pBM2VtaGllbTVrUlVOaWRqQk9UMWN5TkhsU2JsRRAB,"Làm ăn mập mờ. 25k phí vào cửa. Tăng lên 59k nếu mỗi người không ăn trung bình 150k (không tính thuế + phụ phí). Nhân viên không thông báo trước.
Sau khỏi quay lại.",1,2026-03-11T13:21:07.711Z,user_70852,35,0
Bánh Tráng Thịt Heo Giang Mỹ Cơ Sở 1,Ci9DQUlRQUNvZENodHljRjlvT2xCVVVEaDNjR1ZZUWtndFgzazJVVmxEU205UmRuYxAB,Giá cả phải chăng. - 1 điểm. Bác bảo vệ hách dịch.,4,2026-03-08T15:07:25.966Z,user_85522,106,0
Bánh Tráng Thịt Heo Giang Mỹ Cơ Sở 1,Ci9DQUlRQUNvZENodHljRjlvT21wNlUxOUZPWFpmVTFCWU4yeGZSMmhGY1ZGeVEwRRAB,"Chất lượng chưa tương xứng giá cả. Nhà vệ sinh có mùi. Nhân viên không sát sao. Mình phản ảnh 2 đĩa salad không cùng lượng trứng cá, 1 đĩa rất ít trứng cá, thì nhân viên cũng chẳng nói gì. Vài món hơi mặn. Thịt ba chỉ, cá lăng có vẻ nấu lâu đã nguội, cứng.",3,2026-03-08T04:33:55.729Z,user_10709,13,0
Bánh Tráng Thịt Heo Giang Mỹ Cơ Sở 1,Ci9DQUlRQUNvZENodHljRjlvT21aNFJFdzJVbXRPY2s0NFoxTnpWRlJsV20xUWJsRRAB,Đồ ăn ngon nhân viên nhanh nhẹn phục vụ chu đáo,5,2026-03-06T15:31:39.779Z,user_71751,110,0
Bánh Tráng Thịt Heo Giang Mỹ Cơ Sở 1,Ci9DQUlRQUNvZENodHljRjlvT21aSVMxaEJXbWh6UVVodlVFdFBlblZSUW1zelZVRRAB,"Đồ ăn ngon, phục vụ nhiệt tình.10 điểm!",5,2026-03-06T13:02:01.404Z,user_75100,5,0
Bánh Tráng Thịt Heo Giang Mỹ Cơ Sở 1,Ci9DQUlRQUNvZENodHljRjlvT25SS1VIUk9jRk15T0ZSWU0yZHBZVkJKUlhaSWEzYxAB,"Đồ ăn ngon, phục vụ nhiệt tình, giá hợp lý",5,2026-03-05T18:58:46.041Z,user_60507,115,1
Bánh Tráng Thịt Heo Giang Mỹ Cơ Sở 1,Ci9DQUlRQUNvZENodHljRjlvT21Wc1JXNWpNVGc0WWtGM01rSmZTWEkyV1hCaVRGRRAB,"Không gian sang trọng , đồ ngon , nhân viên phục vụ nhiệt tình",5,2026-03-05T11:57:13.564Z,user_50851,65,0
Bánh Tráng Thịt Heo Giang Mỹ Cơ Sở 1,Ci9DQUlRQUNvZENodHljRjlvT2xJMlZtZHZNVTl4TjNsV2RIRkRiM2cwVFVkSE5sRRAB,"Fresh veggie, abundant food with yummy taste. Staff sometime slowly response and do wrong bill. Remember to check the bill before paying. The manager is business savy. WC is cleaned.",5,2026-03-03T12:43:47.210Z,user_clone_25474,1,0
Bánh Tráng Thịt Heo Giang Mỹ Cơ Sở 1,Ci9DQUlRQUNvZENodHljRjlvT2xoRkxTMVdUazFpYm5oa1VFVkhUVEJZYjBGeGRVRRAB,Ăn xong về đi ỉa ngay,1,2026-03-02T07:02:16.586Z,user_99618,113,1
Bánh Tráng Thịt Heo Giang Mỹ Cơ Sở 1,Ci9DQUlRQUNvZENodHljRjlvT25kVmIxSnBlSEJhUmxWbUxTMTNlbTVRTW5BMU4yYxAB,nhà hàng sang trọng ngon,5,2026-02-25T11:28:24.424Z,user_28956,101,1
Bánh Tráng Thịt Heo Giang Mỹ Cơ Sở 1,Ci9DQUlRQUNvZENodHljRjlvT2xOV1IxbElhVXd0ZDBKSlFVdzJOa3BSYjFkak0xRRAB,Quá tuyệt vời,5,2026-02-23T18:02:37.173Z,user_clone_37988,2,0
Bánh Tráng Thịt Heo Giang Mỹ Cơ Sở 1,Ci9DQUlRQUNvZENodHljRjlvT25SclVWcDBYMFpOUkdOcFUzbG1VbGt0VlRsbmVHYxAB,"Ăn buffet ở đây khá hời, nhiều món lựa chọn, hải sản tươi. Sẽ giới thiệu cho bạn bè.",5,2026-02-23T16:26:53.526Z,user_45296,99,1
Bánh Tráng Thịt Heo Giang Mỹ Cơ Sở 1,Ci9DQUlRQUNvZENodHljRjlvT2s1bmFuUkdVbVp2VFY4dGNHOVVZbkJ1ZW1kWmVsRRAB,Quán ăn khá oce so với mặt bằng chung chất lượng dịch vụ cũng tốt,5,2026-02-23T16:16:37.519Z,user_73499,62,0
Bánh Tráng Thịt Heo Giang Mỹ Cơ Sở 1,Ci9DQUlRQUNvZENodHljRjlvT2pjd2NVOHRWVzFCTnpKalYzazRRMmd5ZDBOeFEzYxAB,"Đồ ăn ngon, nhân viên phục vụ chu đáo nhiệt tình. Điểm trừ là cuối tuần hơi đông nên phải chờ bàn hơi lâu.",5,2026-02-23T16:06:04.006Z,user_91005,38,0
Bánh Tráng Thịt Heo Giang Mỹ Cơ Sở 1,Ci9DQUlRQUNvZENodHljRjlvT21wU2JUTkVOM1pmVHpsM2NFUTRWazkzY2xOWllYYxAB,"Đồ ăn ngon tuyệt vời, đóng gói cẩn thận sạch sẽ, giao hàng siêu nhanh luôn á, sẽ ủng hộ tiếp.",5,2026-02-23T16:01:56.536Z,user_clone_12883,1,0
Bánh Tráng Thịt Heo Giang Mỹ Cơ Sở 1,ChdDSUhNMG9nS0VJQ0FnTUNRNmVXSXdnRRAB,100₫,5,2026-02-23T15:06:20.550Z,user_73111,44,0
Bánh Tráng Thịt Heo Giang Mỹ Cơ Sở 1,Ci9DQUlRQUNvZENodHljRjlvT2xnMk9GOW1aVlpTZW05Uk9UTkNObTFZYkZSSGIwRRAB,Đồ ăn ra chậm ngồi từ 12h đến 1h ra dc 2 đĩa,1,2026-02-23T06:10:35.677Z,user_57461,48,0
Bánh Tráng Thịt Heo Giang Mỹ Cơ Sở 1,Ci9DQUlRQUNvZENodHljRjlvT25CTk0xVklka1pNUkdaSU4zbEZiSGt0YjBSalJYYxAB,"Quán báo đông khách, bên mình đã đặt trước từ 9h sáng nhưng 12h ra đợi 40p mới ra 2 đĩa thịt heo luộc, lẩu thì 45p mới báo hết đồ ăn, không biết trong bếp còn gì. Trải nghiệm rất tệ",1,2026-02-23T05:49:20.036Z,user_38961,48,1
Bánh Tráng Thịt Heo Giang Mỹ Cơ Sở 1,Ci9DQUlRQUNvZENodHljRjlvT2pGNlRHbHRTMmhHUzNjNVFWbHpaMVpzVGtNemVtYxAB,"Trải nghiệm ko thể nào tệ hơn, đã đặt trước và món nhưng đến từ 11:30 đến 12:30 không lên bất kỳ món nào
Thực sự quá bực bội",1,2026-02-23T05:25:59.887Z,user_40219,113,0
Bánh Tráng Thịt Heo Giang Mỹ Cơ Sở 1,Ci9DQUlRQUNvZENodHljRjlvT20xTGFVNVVlVzFMU2paSExXSkZkRmhoWnpCa1kxRRAB,"Phục vụ rất chậm, 1 tiếng đồng hồ không lên đồ ăn",1,2026-02-23T05:25:59.489Z,user_22811,117,0
Bánh Tráng Thịt Heo Giang Mỹ Cơ Sở 1,Ci9DQUlRQUNvZENodHljRjlvT21aNVlraGpZVzFEVGpsS01HSjZSa052Tm5kb1RIYxAB,"23/02/2026 phục vụ tệ , cả tiếng không ra đồ ăn , nhân viên không care",1,2026-02-23T05:23:44.961Z,user_33388,22,1
Nhà hàng Chả cá Ngon Hà Nội,Ci9DQUlRQUNvZENodHljRjlvT2taWlVWUjBPRUZsWTFjd1puWTRWRUZZZUhBelltYxAB,"Đồ ăn tệ, không ngon",1,2026-05-20T13:13:29.928Z,user_33685,86,0
Nhà hàng Chả cá Ngon Hà Nội,Ci9DQUlRQUNvZENodHljRjlvT2xkVmVuVjNSazEwWTAxWWRWY3RUMVJITFdocFJrRRAB,"Nước lẩu đậm đà hợp vị mình, đồ nhúng tươi ngon sạch sẽ. Giá cả có hơi cao một chút nhưng xứng đáng chất lượng.",5,2026-03-26T04:46:15.991Z,user_38688,9,0
Nhà hàng Chả cá Ngon Hà Nội,Ci9DQUlRQUNvZENodHljRjlvT25JelFXUkZZV2xITVhCVFZWTXhaMjB3UTBSTE1tYxAB,"mình k phải người thích ăn cá nhưng đồ ăn ở đây khá hợp miệng mình do nướng miếng cá cháy xém thơm. nếu đến vào khung giờ đông thì phải chờ nhưng k lâu lắm vì nvien rất linh hoạt. rcm mn nên đặt bàn trc cho trải nghiệm được tốt hơn. đến đông thì chia nhau khá hời.
rất thích món khoai lang kén và cá sốt trứng muối ở đây 😋 cánh gà chiên nc mắm cũng rất ngon must try",5,2026-03-07T12:48:23.842Z,user_clone_89941,1,0
Nhà hàng Chả cá Ngon Hà Nội,ChdDSUhNMG9nS0VJQ0FnSURONk9fOTZnRRAB,"💯  Chị chủ training đội ngũ nhân sự của quán rất tốt
❤️  Đội ngũ nhân sự tinh tế, lịch sự, nhẹ nhàng và nhanh nhẹn từ khâu tiếp đón, gợi ý set menu, lên đồ và phục vụ (có hỗ trợ khách rán cá)
🍥 Đồ ăn đồ uống:
1. Bún ko bị chua (điểm cộng rất lớn)
2. Chả cá mềm mọng
3. Nem cá nóng hổi
4. Salad sốt chanh leo có độ ngậy nhẹ nên ko có cảm giác bị ngấy
5. Nước ép tươi ngon
6. Sau khi ăn xong được tặng thêm hũ sữa chua",5,2026-01-07T17:57:18.717Z,user_73320,23,0
Nhà hàng Chả cá Ngon Hà Nội,Ci9DQUlRQUNvZENodHljRjlvT2s1d1UwRlVkbEIwYVcxUmJ6QlZNRkJsYm5Cb2EzYxAB,"Thái độ nhân viên hơi kém, gọi thêm đồ mà mãi không thấy mang lên. Được cái đồ ăn cứu vớt lại khá ngon.",3,2026-01-06T13:57:36.106Z,user_15842,88,0
Nhà hàng Chả cá Ngon Hà Nội,Ci9DQUlRQUNvZENodHljRjlvT2tSaFNGOHdjVU52ZUhOU05FaG9SbTk2T1daVFVXYxAB,Phục vụ quá tệ. Từ nhân viên đến chủ quán,1,2026-01-02T07:47:17.307Z,user_34700,120,1
Nhà hàng Chả cá Ngon Hà Nội,Ci9DQUlRQUNvZENodHljRjlvT21OMFR6Y3lWSFpJTFVrMmRtUlRZM1ZVTVVKcVIxRRAB,"Cá tươi, ngon, tẩm ướp hợp lý. Nhân viên nhiệt tình, dịch vụ chu đáo, biết để ý take care khách. Có nhiều combo dễ lựa chọn. Nhà vệ sinh sạch sẽ rộng rãi. Giá cũng ngang so với mặt bằng chung.",5,2025-11-25T17:40:23.554Z,user_89213,99,0
Nhà hàng Chả cá Ngon Hà Nội,Ci9DQUlRQUNvZENodHljRjlvT2tOQmEyMVlTR0ZDWlc1bmRWSlBja1JOY0V0T1JtYxAB,"Quán phục vụ tệ.
Đồ ăn tạm ổn",2,2025-11-13T13:05:01.171Z,user_30499,12,0
Nhà hàng Chả cá Ngon Hà Nội,Ci9DQUlRQUNvZENodHljRjlvT2sxMFoxRnJVWFJvUlhrdGJraGhSamhKVm1jMFgwRRAB,"Món ăn rất ngon ạ, shop đóng gói kỹ càng, anh shipper thân thiện giao nhanh, nên mua nha mọi người.",5,2025-10-31T03:10:31.912Z,user_clone_80496,2,0
Nhà hàng Chả cá Ngon Hà Nội,Ci9DQUlRQUNvZENodHljRjlvT2s1S1VVczVVVE0yUmxoZk56ZFlObU10TFRCdFVWRRAB,Ăn 1 lần cho biết ko có gì đặc sắc mà giá hơi đắt so với mặt bằng chung 💆🏻,3,2025-09-17T12:27:33.191Z,user_19759,99,0
Nhà hàng Chả cá Ngon Hà Nội,Ci9DQUlRQUNvZENodHljRjlvT2tGR1duRjZPVGhTTlRCTE5UZzNRMlZwTFVKdFMzYxAB,Skibidi đã ăn và thấy ngon 🤤,4,2025-09-01T14:32:25.838Z,user_19782,34,0
Nhà hàng Chả cá Ngon Hà Nội,Ci9DQUlRQUNvZENodHljRjlvT2tOVU9UTkxkWGxvVWpsTGFFeGxObWRST0VoMk1HYxAB,"Quán phục vụ quá tệ. Khách đặt bàn trước lúc 19h40 có đặt đồ ăn luôn  hỏi kỹ còn bàn còn đồ ăn không quán báo có nhưng đến là 20h vẫn để khách chờ hơn 1h chưa có đồ ăn,
Đến quán đưa lên t5 ko có điện, ko có bát, ko có nhân viên phục vụ.
Sau khi chờ hơn 1h thì mang ra 10 suất chả cá ko nương. Khi ăn chả cá mà ko nướng thì theo mọi ng sẽ thế nào? Khi kh bảo chả cá ko nướng nhân viên vẫn cố tình bảo đã nướng đến khi mình lấy máy đt ra chụp lại thì nv mới bảo để em hỏi lại bếp và tú sau vào bảo vâng chưa nướng
Ko cả mang nước uống cho khách
Quán làm ăn ko uy tín một quán lớn có tiếng mà làm ăn giả dối ko uy tín
Nói chung quá tệ. Ko xứng đáng với giá cả kh phải trả",1,2025-09-01T14:31:28.449Z,user_21812,118,1
Nhà hàng Chả cá Ngon Hà Nội,Ci9DQUlRQUNvZENodHljRjlvT25ocWFEbEVla1ZITVhGbFQwaFhNemM1ZGpOWk1uYxAB,"quá kém ko nên đến,chả cá nướng vội ko chín",1,2025-09-01T13:57:27.198Z,user_58923,55,1
Nhà hàng Chả cá Ngon Hà Nội,Ci9DQUlRQUNvZENodHljRjlvT2xjMFUyTnZZVTFVY25CNmNVRkpUWEZLUzNObVFVRRAB,"Nước chấm hơi ngọt quá không hợp gu người Bắc lắm. Thịt nướng thơm, mềm, đóng gói cẩn thận.",1,2025-07-27T12:45:56.647Z,user_96476,29,0
Nhà hàng Chả cá Ngon Hà Nội,ChdDSUhNMG9nS0VPLUh2UHJxcy1TWXZRRRAB,"Ăn Combo 5 hơi bị no .
Set cho 4 khách.
Giá hợp lý.
Món nào cũng hợp vị mình.",4,2025-05-09T03:47:14.166Z,user_67135,18,0
Nhà hàng Chả cá Ngon Hà Nội,ChdDSUhNMG9nS0VJQ0FnTUNZNUotQjdBRRAB,"Ăn buffet ở đây khá hời, nhiều món lựa chọn, hải sản tươi. Sẽ giới thiệu cho bạn bè.",5,2025-05-01T15:35:52.699Z,user_57232,83,0
Nhà hàng Chả cá Ngon Hà Nội,ChdDSUhNMG9nS0VJQ0FnTUR3bnItZXlRRRAB,"Quán quen của gia đình mình, đồ ăn ở đây lúc nào cũng giữ được phong độ. Điểm 9 cho chất lượng.",1,2025-03-26T02:36:26.666Z,user_29175,50,0
Nhà hàng Chả cá Ngon Hà Nội,ChdDSUhNMG9nS0VJQ0FnTUR3eUxDTF9nRRAB,"Chả cá ngon, lòng cá to, không gian sạch sẽ, nhân viên chu đáo",5,2025-03-23T02:39:30.247Z,user_26132,95,1
Nhà hàng Chả cá Ngon Hà Nội,ChZDSUhNMG9nS0VJQ0FnTUN3eGNXUkxnEAE,Ổn áp so với mặt bằng,4,2025-03-20T02:54:13.641Z,user_65490,54,0
Nhà hàng Chả cá Ngon Hà Nội,ChdDSUhNMG9nS0VJQ0FnTURRNmF2WTJRRRAB,"Quán quen của gia đình mình, đồ ăn ở đây lúc nào cũng giữ được phong độ. Điểm 9 cho chất lượng.",2,2025-03-12T04:42:44.219Z,user_91661,20,0
Nhà hàng Chả cá Ngon Hà Nội,ChdDSUhNMG9nS0VJQ0FnTUNRX0lMb2d3RRAB,"Quán to sạch đẹp. Nhân viên nhanh nhẹn nhiệt tình. Nhưng đồ ăn k dám khen. Suất chả cá ở đây ít và miếng cá nhỏ hơn chỗ khác mình ăn. Lòng cá basa xào thì nhạt hoét k có vị gì luôn, có ăn thì mng tránh ra.  Canh cá cũng bình thường k có gì đặc biệt.",3,2025-03-03T03:49:39.589Z,user_34830,40,0
Nhà hàng Chả cá Ngon Hà Nội,ChRDSUhNMG9nS0VJQ0FnTUNROUk4ahAB,"Đến ăn chả cá đến cuối cùng không có sợi bún nào, hỏi nhân viên thì bảo là nhà hàng hết bún phải chờ đi mua. Gọi cháo vì bàn có em bé, nhưng ăn 1 tiếng không có cháo, nhân viên kệ 🤣 2 bàn cùng gọi thêm đồ 1 lúc nhưng chỉ cho bàn bên cạnh, còn bàn mình ko đưa cũng ko nói câu nào, cũng chưa hiểu làm gì mà nhân viên hắt hủi, khi về góp ý nhân viên ko 1 lời xin lỗi 🤣🤣🤣 lần đầu là lần cuối",1,2025-03-02T11:51:49.084Z,user_23235,100,0
Al Fresco's Hai Bà Trưng,Ci9DQUlRQUNvZENodHljRjlvT200eFdtMHhOM2h2VWxSUVQyb3pSbXM0WkdkSVJGRRAB,очень вкусно поели,5,2026-06-02T11:20:30.011Z,user_clone_80612,2,0
Al Fresco's Hai Bà Trưng,Ci9DQUlRQUNvZENodHljRjlvT2w5VlgwdDZjemhtZFZGYWEwRjNVVk5HYVZZNVVWRRAB,"Nước chấm hơi ngọt quá không hợp gu người Bắc lắm. Thịt nướng thơm, mềm, đóng gói cẩn thận.",5,2026-06-02T07:02:45.546Z,user_66484,107,0
Al Fresco's Hai Bà Trưng,Ci9DQUlRQUNvZENodHljRjlvT2pOaFNVNHdWV2RaWVhsUVUyMUpNazFDWVZkT1NuYxAB,"Phục vụ nhiệt tình, thức ăn chất lượng ổn định",5,2026-05-30T14:09:55.110Z,user_17713,87,1
Al Fresco's Hai Bà Trưng,Ci9DQUlRQUNvZENodHljRjlvT21KUWFsTnVTV052YjFwa2QxbEhkVGhCYWtSSFJVRRAB,Phụ vụ nhiệt tinh đồ ăn ok,5,2026-05-28T08:40:22.166Z,user_clone_29377,2,0
Al Fresco's Hai Bà Trưng,Ci9DQUlRQUNvZENodHljRjlvT2tGVVpXSlhjMFY1WWtzNVl6aG9NMUJYWmxaMWVGRRAB,"Quán quen của gia đình mình, đồ ăn ở đây lúc nào cũng giữ được phong độ. Điểm 9 cho chất lượng.",5,2026-05-28T06:36:09.721Z,user_23462,50,1
Al Fresco's Hai Bà Trưng,Ci9DQUlRQUNvZENodHljRjlvT25sNVREbGlVRXhpV1VST1p6VkVXbnBJTUhNNGVuYxAB,nhân viên phục vụ thân thiện,5,2026-05-28T05:46:50.489Z,user_44229,26,1
Al Fresco's Hai Bà Trưng,Ci9DQUlRQUNvZENodHljRjlvT201QlZsUk5ORFJuUWpaSVJVTm9SblEzY3pjdFZFRRAB,"Ngon vừa miệng, phục vụ xuất sắc",5,2026-05-28T05:46:48.631Z,user_clone_51021,2,0
Al Fresco's Hai Bà Trưng,Ci9DQUlRQUNvZENodHljRjlvT2kxcVNFMTRPSFZNU2padWVGOWFlVUpsT1U0M1VsRRAB,"I had an amazing time at this restaurant. The food was delicious, and the staff was exceptional — especially NGA. She was incredibly helpful and friendly.",5,2026-05-25T08:49:03.659Z,user_82783,59,0
Al Fresco's Hai Bà Trưng,Ci9DQUlRQUNvZENodHljRjlvT2kxcFpqSndPR3MyV0U1aVIwRlFUVWMyVlhkVVdrRRAB,"Không gian thoáng mát , c Nga tư vấn phục vụ siêu nhiệt tình , đồ ăn ngon  siêu siêu  hài lòng",5,2026-05-25T08:18:45.849Z,user_26186,19,0
Al Fresco's Hai Bà Trưng,Ci9DQUlRQUNvZENodHljRjlvT2pNd2VIWm9TMVEwVkRKMVdHTm1jMnBYUnpGWFQyYxAB,"quán ăn sạch sẽ, đồ ăn ngon, nóng hổi và tươi mới",5,2026-05-24T11:04:16.535Z,user_clone_41098,1,0
Al Fresco's Hai Bà Trưng,Ci9DQUlRQUNvZENodHljRjlvT2kxRlpEWkdNamx6TWxOaFh6UlNUWGhNVXpGMWRGRRAB,"Quán sạch sẽ đồ ăn ngon, shipper giao nhanh nhiệt tình, đóng gói rất kỹ, 10 điểm uy tín cả nhà ơi.",5,2026-05-23T07:23:15.561Z,user_clone_72789,1,0
Al Fresco's Hai Bà Trưng,Ci9DQUlRQUNvZENodHljRjlvT25CQ05qUjJNVFpQU2tGVmMybGlXRVE0VldKM1UzYxAB,Tôi rất hài lòng về nhân viên và bạn phục vụ tên Nga. Gia đình tôi đã có bữa ăn rất vui và ngon miệng,5,2026-05-21T06:02:07.276Z,user_29498,18,0
Al Fresco's Hai Bà Trưng,Ci9DQUlRQUNvZENodHljRjlvT2s1R1FWQm5TbFU0VDJaZlVHVlFTR2haWkVKbFlrRRAB,"My parents and I were walking back to the hotel in hopes we’ll find a place to have dinner in and we stumbled upon Al Fresco’s. It was quiet, and they had a wide range of food to select from. Our server, Nga, is amazing! She was accomodating and understanding and definitely served us well! 🥹 If you’re nearby, please pop by!",5,2026-05-18T12:48:53.236Z,user_33958,99,0
Al Fresco's Hai Bà Trưng,Ci9DQUlRQUNvZENodHljRjlvT210amNsTnJjbTA0UmxoUGRqSllTRVJMY0hsSFRXYxAB,"Une vraie découverte ! La cuisine est excellente, les saveurs sont au rendez-vous et le service impeccable. L'ambiance est chaleureuse et on se sent vraiment bien accueillis. Je recommande sans hésiter, on reviendra très vite !",5,2026-05-14T08:28:43.091Z,user_34510,96,1
Al Fresco's Hai Bà Trưng,Ci9DQUlRQUNvZENodHljRjlvT2pkMmJHRjJNemg1Y3pKaFl6TnBlRFJ1U3paMk9VRRAB,"Quán quen của gia đình mình, đồ ăn ở đây lúc nào cũng giữ được phong độ. Điểm 9 cho chất lượng.",5,2026-05-14T03:04:51.935Z,user_81829,21,0
Al Fresco's Hai Bà Trưng,Ci9DQUlRQUNvZENodHljRjlvT2pOWFdIbHpXVVZ5UTBkMU1WaFZjMk41ZFRsbFJIYxAB,"dịch vụ tốt. mình rất thích dịch vụ.
nhưng mà vị của al fresco so với 5-7 năm trước thực sự đã thay đổi quá nhiều. mình k muốn chê nhưng với mình thì nó ngày càng nhạt và ngày càng đại trà… trước thì ăn fresco mình đều rất ưng bụng. giờ đi ăn mình chỉ thấy no chứ về độ ngon thì thua xa so với trước.
có thể nhiều công thức đã được đổi, nhưng mà mình đã thử tất cả cơ sở trong 2 năm gần đây thì cái nào cũng cảm giác bị thiếu vị.
nhưng dịch vụ đúng là k có điểm nào để chê cả.",4,2026-05-10T16:20:17.011Z,user_34065,6,0
Al Fresco's Hai Bà Trưng,Ci9DQUlRQUNvZENodHljRjlvT214NVpHVkJaWEpGUjJ0blFXZE9iRmx1ZUhGbVJWRRAB,"Vị ăn tạm ổn, không có gì quá xuất sắc nhưng sạch sẽ. Sẽ quay lại nếu có dịp đi cùng gia đình.",5,2026-04-28T12:34:20.481Z,user_82742,28,0
Al Fresco's Hai Bà Trưng,Ci9DQUlRQUNvZENodHljRjlvT2tSeWFFMDRaeTFDUkdoSFMxb3llVUpWTmxjM01XYxAB,"Bao nhiêu năm quay trở lại vẫn ngon và phục vụ nhiệt tình. Quản lý thân thiện, nhân viên khéo léo. Rất hài lòng",5,2026-04-15T12:58:37.364Z,user_clone_94093,2,0
Al Fresco's Hai Bà Trưng,Ci9DQUlRQUNvZENodHljRjlvT2s0NWNXUTNOa1kzT1RGQ01GaHVjbmxGY1hKRVNIYxAB,"Absolutely loved the experience at AI Fresco. The dishes are beautifully presented and full of creative flavors that make each plate feel unique and well thought out. The atmosphere is modern, stylish, and perfect for a relaxed dinner or date night.
Service was friendly and attentive, adding to the overall great experience. While it’s slightly on the pricier side, the quality and presentation make it worth it.
If you’re looking for something cheaper and not Vietnamese, there are plenty of great options nearby—but for a nicer dining experience, this place really delivers.
⭐ 5/5",5,2026-04-09T11:15:25.141Z,user_35683,15,0
Al Fresco's Hai Bà Trưng,Ci9DQUlRQUNvZENodHljRjlvT2s1ZkxVdDNNVEowVVZkSFdrSldVVzVWZVRKU2MyYxAB,"Rất hài lòng về các phục vụ ở đây. Bạn nhân viên rất nhiệt tình, xử lý tình huống tốt, xin lỗi khách khi lên món chậm và có 1 phần quà cho mình. Mình dẫn mẹ và em lên HN chơi rất vui vì ngon từ đồ ăn đến không gian, nhân viên. Cảm ơn quán nhìu 💕💕💕",5,2026-04-04T06:17:29.961Z,user_84647,17,0
Al Fresco's Hai Bà Trưng,Ci9DQUlRQUNvZENodHljRjlvT2twWllXdEtNamhVT0ZWYWRYaHlVV3BRZW0xclpuYxAB,Regular customer. On 27-3 food and service worst than usual. Declining steadily.,1,2026-03-27T05:31:58.331Z,user_61397,23,0
Al Fresco's Hai Bà Trưng,Ci9DQUlRQUNvZENodHljRjlvT25sbldWRlhNVm95YlROdVZrbHBSWFprYTJkNWVWRRAB,היה מצויין.הספריבס לבן פגז,5,2026-03-26T10:40:19.950Z,user_clone_66423,1,0
Al Fresco's Hai Bà Trưng,Ci9DQUlRQUNvZENodHljRjlvT21salpuSlNTVEpYVG01bFVYVlJXbkV0Ym0xeWEwRRAB,"Ăn buffet ở đây khá hời, nhiều món lựa chọn, hải sản tươi. Sẽ giới thiệu cho bạn bè.",5,2026-03-10T18:13:42.092Z,user_85680,92,1
Al Fresco's Hai Bà Trưng,Ci9DQUlRQUNvZENodHljRjlvT2xOT1VrOXlNbFpGWVMxUVZVRnNTa3h6VDJ4TGQxRRAB,"Đồ ăn ngon, nhân viên phục vụ chu đáo nhiệt tình. Điểm trừ là cuối tuần hơi đông nên phải chờ bàn hơi lâu.",5,2026-03-06T04:23:11.542Z,user_12605,34,1
Al Fresco's Hai Bà Trưng,Ci9DQUlRQUNvZENodHljRjlvT21adVFuaFFSMDFuZFdwa1h6ZHJWRnBXVTB0VGFYYxAB,"Mình order online trên web và có gặp 1 số trục trặc .
Nhưng rất may rằng cửa hàng đã xử lý rất tốt và mình , 1 khách hàng cảm thấy được chân trọng !
Cảm ơn nhà hàng , mong rằng cửa hàng sẽ không phải lặp lại trường hợp của mình lần nào nữa
Chúc nhà hàng luôn luôn đông khách , bánh rất ngon",5,2026-02-26T13:23:32.742Z,user_27702,96,1
Al Fresco's Hai Bà Trưng,Ci9DQUlRQUNvZENodHljRjlvT2toWmVsVlhabVJEWjNaYU1ESTJiMWhOYlhaelVuYxAB,Anh Hải rất chu đáo và nhiệt tình ạ!,5,2026-02-25T14:11:18.212Z,user_clone_42617,2,0
Al Fresco's Hai Bà Trưng,Ci9DQUlRQUNvZENodHljRjlvT2pNMmRIWXRSSFpuVW5WcGNVcEllakpPU1VzMmRtYxAB,Dv ship onl quá tệ,1,2026-02-24T14:04:46.511Z,user_94582,88,1
Al Fresco's Hai Bà Trưng,Ci9DQUlRQUNvZENodHljRjlvT2xkMWNDMUlUMjlSTVdkM1dHZDNkV3BGU1ZVelFWRRAB,"المكان مريح وغير مزدحم ،الأطباق لذيذه سواء البتزاء او السلطه او المكرونه وأصابع الموزرلاء عالم آخر من اللذه ،يوجد أصناف محدوده من الطعام الحلال .
شكراً لكم صنعتوا لنا ذكريات جميله في هانوي",5,2026-02-22T12:08:11.179Z,user_clone_44313,1,0
Al Fresco's Hai Bà Trưng,Ci9DQUlRQUNvZENodHljRjlvT2tKVVdWWklRVGhMV2tsdlUwRkZPVE5LT0dOWVluYxAB,Tôi rất vui đồ ăn hôm này rẩt ngon,5,2026-02-18T13:46:28.855Z,user_clone_60041,2,0
Al Fresco's Hai Bà Trưng,Ci9DQUlRQUNvZENodHljRjlvT201ZlFrMDNhbm8wVUhsaVMwcEZlVTFSWlRGblNWRRAB,"Giao hàng nhanh shipper thân thiện, đồ ăn ngon rẻ sạch sẽ đóng gói kỹ, nên mua nha cả nhà!",5,2026-02-17T18:36:36.070Z,user_clone_68624,1,0
Al Fresco's Hai Bà Trưng,Ci9DQUlRQUNvZENodHljRjlvT25FeGJUaE9jMll3WDNrelVIZG1VM2xvU2tGRWNtYxAB,The food is superb. Customer service is excellent. Going to Al Fresco's is a must everytime we're in Hanoi. 🙂,5,2026-02-12T14:06:41.656Z,user_70130,117,0
Al Fresco's Hai Bà Trưng,Ci9DQUlRQUNvZENodHljRjlvT2xvNFlVdEtUa2xrTlY5R1lUZFRSalpyY0dJMlpFRRAB,"Le service et l'accueil sont bien. La nourriture (conforme aux photos et a ce genre d'établissement),les produits sont bon. Bon repas.",5,2026-02-09T07:29:29.791Z,user_34274,81,0
Al Fresco's Hai Bà Trưng,Ci9DQUlRQUNvZENodHljRjlvT2trMFduTnZTVlppV0VWZlUybFBabEZ2TUVZNWVGRRAB,Đồ ăn ngon giá cũng hợp lí nói chung ngon lắm,5,2026-02-06T13:11:22.916Z,user_90478,56,0
Bò Nhúng Dấm 555 Núi Trúc,Ci9DQUlRQUNvZENodHljRjlvT2t4UVQxcEdOM2szWDJKYVVuSjBhUzEyVlc1VWIxRRAB,"Nước lẩu đậm đà hợp vị mình, đồ nhúng tươi ngon sạch sẽ. Giá cả có hơi cao một chút nhưng xứng đáng chất lượng.",5,2026-05-14T23:06:35.795Z,user_42701,10,0
Bò Nhúng Dấm 555 Núi Trúc,Ci9DQUlRQUNvZENodHljRjlvT2taeGVXcEhSMFJHVlVsWFdGVm9iVk0wVTJ4UFNrRRAB,Tôi từ Linh Đàm sang mua nhân viên của cửa hàng rất bố náo mình mua mất tiền nhân viên thái thịt bò vứt như là bố thí cho mình tim thì đông lạnh,1,2026-05-11T10:21:29.970Z,user_81512,49,1
Bò Nhúng Dấm 555 Núi Trúc,Ci9DQUlRQUNvZENodHljRjlvT2padVlWOVJkak4xYlhseFUxOU1WMGhyWkdwdVlYYxAB,"Quán quen của gia đình mình, đồ ăn ở đây lúc nào cũng giữ được phong độ. Điểm 9 cho chất lượng.",5,2026-05-06T12:12:26.551Z,user_52045,77,0
Bò Nhúng Dấm 555 Núi Trúc,Ci9DQUlRQUNvZENodHljRjlvT2pCVlVVcFphR1ZoZDFsaWJuVnphVWt5VFZGMFRXYxAB,"đồ ăn ổn , nhân viên phục vụ ok",5,2026-04-21T04:23:20.520Z,user_clone_74947,1,0
Bò Nhúng Dấm 555 Núi Trúc,Ci9DQUlRQUNvZENodHljRjlvT2tGcmRUVktUbGw0YWxod2RHTkdVMmxWVkZwRmEzYxAB,"Trải nghiệm của mình tại Bò Nhúng Dấm 555 cơ sở Núi Trúc nhìn chung chỉ dừng lại ở mức trung bình (khoảng 3 sao) và chưa thực sự để lại ấn tượng đủ mạnh để mình muốn quay lại ngay lập tức.

Điểm sáng nhất và cũng là điều mình ghi nhận tại đây chính là đội ngũ nhân viên. Các bạn phục vụ khá nhanh nhẹn, thái độ làm việc ổn và nhiệt tình hỗ trợ khách hàng. Đây có lẽ là yếu tố gỡ gạc lại nhiều nhất cho toàn bộ bữa ăn.

Tuy nhiên, xét về tổng thể thì trải nghiệm ẩm thực lại không tương xứng với số tiền mình đã bỏ ra. Dù không thể nói là tệ, nhưng chất lượng đồ ăn và hương vị chỉ ở mức đại trà, thiếu đi sự đặc sắc hay dấu ấn riêng biệt để tạo nên sự khác biệt. Với cùng một mức giá như vậy, mình hoàn toàn có thể tìm thấy những lựa chọn khác phong phú và chất lượng hơn. Cảm giác bữa ăn tại đây thiếu đi sự bứt phá về hương vị để khiến thực khách cảm thấy ""đáng đồng tiền bát gạo"".

Tóm lại, Bò Nhúng Dấm 555 Núi Trúc là một địa điểm ăn được, phục vụ tốt, nhưng nếu bạn đang kỳ vọng vào một trải nghiệm ẩm thực xuất sắc hay xứng tầm với chi phí bỏ ra thì có lẽ sẽ thấy hơi hụt hẫng.",3,2026-04-20T15:12:50.957Z,user_34664,114,0
Bò Nhúng Dấm 555 Núi Trúc,Ci9DQUlRQUNvZENodHljRjlvT2xaa09YRkROMnd6TTBwTFoxQkVaekZtWjFGMlgwRRAB,"các bàn ngồi khá sát nhau, trần nhà thấp tuy nhiên đồ ăn rất ngon và đầy đặn giá phải chăng. mọi người có thể thử bún trộn, bát rất to và nhiều, ngon",5,2026-03-30T08:08:32.560Z,user_12553,87,1
Bò Nhúng Dấm 555 Núi Trúc,Ci9DQUlRQUNvZENodHljRjlvT2pkcU9ETkJYelozY0dWUFFtOWlWak5SWVc0eGNYYxAB,"Không gian quán rộng rãi thoáng mát, view chụp ảnh khá đẹp. Món ăn lên nhanh nhưng sườn hơi dai một tí.",5,2026-03-04T05:11:31.299Z,user_39734,115,1
Bò Nhúng Dấm 555 Núi Trúc,Ci9DQUlRQUNvZENodHljRjlvT2pKTVZHVmhaMkpHWVU4NWVIbGtNMUZ2U0RsdVNuYxAB,"Chả bt nói j nx,quá tuyệt vời 🥰😘❤️",5,2026-01-23T10:37:34.325Z,user_clone_91859,1,0
Bò Nhúng Dấm 555 Núi Trúc,Ci9DQUlRQUNvZENodHljRjlvT2t4RlNGSlVObTl4U0dZNGJXb3lXbUZpUkdjNGMzYxAB,"Đồ ăn nên chậm, bò loại 2 hoi nha má, phục vụ chậm chạp, túm cái quần chắc đi lần đầu cx lần cuối mà đắt",1,2026-01-02T12:48:37.053Z,user_81932,59,0
Bò Nhúng Dấm 555 Núi Trúc,Ci9DQUlRQUNvZENodHljRjlvT2pBMWNHNVRVMjVGYkV4d05GSjRia1JSZDI5MmJtYxAB,"Nước lẩu ngon, mình lần đầu ăn khá lạ miệng, mình đi 4 người gọi set 615 vừa đủ lại còn được free rau lẩu mì tôm ( gọi thoải mái) không gian quán thoáng, nhân viên phục vụ khá nhiệt tình. Một trải nghiệm ưng ý của mình khi vào ăn một quán có niên đại lên tới 13 năm mở cửa, mình sẽ còn quay lại quán nhiều lần nữa.",5,2025-12-08T05:10:54.721Z,user_69724,41,0
Bò Nhúng Dấm 555 Núi Trúc,Ci9DQUlRQUNvZENodHljRjlvT201M1VUZE5WMloxWldZeldXSkJObkV0ZDNwNVZWRRAB,"Nước chấm hơi ngọt quá không hợp gu người Bắc lắm. Thịt nướng thơm, mềm, đóng gói cẩn thận.",4,2025-10-17T13:25:04.480Z,user_48270,30,0
Bò Nhúng Dấm 555 Núi Trúc,Ci9DQUlRQUNvZENodHljRjlvT2t4VU1FOVdlVXN3ZGtGUGJsOWFRWFF6WWpaR1FsRRAB,"Đồ ăn cũng tạm ko ngon, giá cũng cao mà đồ ăn ít",3,2025-09-24T08:32:27.530Z,user_20111,117,0
Bò Nhúng Dấm 555 Núi Trúc,Ci9DQUlRQUNvZENodHljRjlvT2xaRU5FUnJXa2QyU25OTllsbEVVa00yUmxkdmFVRRAB,"Vị dễ ăn, nếu ăn mấy combo thì giá rất hợp lý
Mỗi tội khu vực ăn nóng lắm nên lưu ý ah",4,2025-09-18T01:11:11.271Z,user_40170,84,1
Bò Nhúng Dấm 555 Núi Trúc,Ci9DQUlRQUNvZENodHljRjlvT21OTmNtRnBVbFJxT1habWRYTkhORFp3ZVdOUVMxRRAB,"BỮA ĂN QUÁ TỆ TỚI MỨC TÔI TỰ HỎI TẠI SAO QUÁN CÒN TỒN TẠI GIỮA LÒNG HÀ NỘI ĐƯỢC?
Tôi chưa từng đánh giá bất kỳ quán ăn nào trên gg map, tuy nhiên, trải nghiệm ăn tại quán ngày hôm qua là QUÁ TỆ HẠI. Tôi gọi 2 suất lẩu 139k/ ng và nhận lại được gì ngoài 2 đĩa thịt ôi nhỏ bằng bàn tay và nồi nước lẩu nhạt tuếch, không có gì ngoài vị dấm cảm giác như nhà hàng chỉ đổ vào cho đúng với tên gọi của nó chứ không có tí gì gọi là chế biến. Thịt thì gắp 2,3 lần là hết 1 đĩa, tôi cam đoan 2 suất lẩu này cho MỘT người đàn ông ăn còn ko no nổi, tôi đi 2 ng con gái (sức ăn ít) mà vẫn thấy CHẢ THẤM VÀO ĐÂU?
Chưa kể, trong set lẩu ngoài thịt ra chỉ kèm thêm vài cọng rau sống, nấm đi kèm để sẵn trên bàn thì đến lúc thanh toán mới nói là mất thêm tiền chứ ko kèm theo set? QUÁ TỆ HẠI
Nhân viên thái độ thì câng câng lên, khách phản hồi lại cũng chả thèm quan tâm, hỏi gì cũng kbt, quản lý thì ngồi xem tiktok, ko có tí thái độ nào là quan tâm khách hàng. Người duy nhất tôi thấy có sự quan tâm khách hàng và có thái độ như 1 ng làm trong ngành F&B là bác bảo vệ trông xe. Còn lại tất cả như vô cảm với khách hàng.
Tôi từng order lẩu mang về của quán vào năm 2021 hoặc 2022, ăn rất ngon nên lần này muốn quay lại trải nghiệm. Nhưng hình như quán đã nhượng quyền? Tôi không thấy có bất kỳ điểm giống nhau nào giữa 2 lần trải nghiệm!
KHÔNG BAO GIỜ QUAY LẠI, PHÍ TIỀN!",1,2025-08-31T06:28:59.790Z,user_21062,119,0
Bò Nhúng Dấm 555 Núi Trúc,Ci9DQUlRQUNvZENodHljRjlvT2xsT1F6UnlZVVIyV2tGVmFUSndWblJ2VjIxVFVsRRAB,"Món ăn rất ngon ạ, shop đóng gói kỹ càng, anh shipper thân thiện giao nhanh, nên mua nha mọi người.",5,2025-08-25T04:33:09.285Z,user_clone_46381,2,0
Bò Nhúng Dấm 555 Núi Trúc,Ci9DQUlRQUNvZENodHljRjlvT2s1S1p5MXNRMlJDYkd0YVNWbFViR2RaUTBwd05uYxAB,Bảo nhân viên cái bàn mãi ko lau trông kiểu ko muốn làm.,1,2025-08-24T09:52:21.723Z,user_81548,32,1
Bò Nhúng Dấm 555 Núi Trúc,Ci9DQUlRQUNvZENodHljRjlvT2tGNWMybzVOVFZzZFRkZmJXcHJkVXhWWDNwTFdsRRAB,"Thịt bò dai, không nhai nổi.
Thái độ nhân viên quá tệ, mặt như sắp đánh khách, gọi đồ không phản hồi, mang nồi ra đặt trên bếp còn không thèm chỉnh bếp ra giữa cho khách.",1,2025-08-17T05:29:04.965Z,user_42883,107,0
Bò Nhúng Dấm 555 Núi Trúc,Ci9DQUlRQUNvZENodHljRjlvT21sck1HMUZiblZKYjJwSlgxVTJjRU55ZDA5VWRHYxAB,"Quán mặt đường, dễ tìm. Tuy nhiên không gian hơi bé, bàn kê cũng hơi sát nhau. Nóng, quán rất nóng, ít quạt, điều hoà bố trí không đủ, ngồi ăn lẩu chỉ thấy toát mồ hôi. Đồ ăn cũng tạm ổn, không nhiều, gọi 4 đĩa thịt bò mà vớt 2 3 cái đã thấy hết. Điểm cộng là rau ăn lẩu free, tuy nhiên có mỗi 2 loại rau là bắp cải và cải thìa.",3,2025-08-13T16:59:49.189Z,user_37575,33,0
Bò Nhúng Dấm 555 Núi Trúc,Ci9DQUlRQUNvZENodHljRjlvT2tsQk0xaFpNWGxMTldwd04wdGxOMG8zYzBwRlYyYxAB,Ăn cũng được. Cảm giác sạch sẽ hơn các hàng khác. Giá cả phải chăng,4,2025-07-24T01:31:33.334Z,user_74734,60,0
Bò Nhúng Dấm 555 Núi Trúc,Ci9DQUlRQUNvZENodHljRjlvT2paVFpGQXdSWHBxWW0wMVl6ZzRkRlpHY25JMGRFRRAB,Thịt nhà hàng thái rất dai. Thịt tái nhúng mà mãi vẫn 1 màu hồng nhạt. Nhà hàng nên xem xét lại chất lượng thịt vì giá không hề rẻ so với mặt bằng chung. Nhà mình không ăn nổi và để lại nhiều thịt. Mình biết giá thực phẩm đã lên cao nhưng đã làm ăn uống ảnh hưởng đến trực tiếp sức khoẻ người tiêu dùng. Xin những người làm ngành F&B nên nghĩ đến đạo đức nghề nghiệp!!!,1,2025-07-05T12:26:29.623Z,user_54376,119,0
Bò Nhúng Dấm 555 Núi Trúc,Ci9DQUlRQUNvZENodHljRjlvT21Od1pHcHRkMXBYV201bE0yaEZNa1ZMZVd4NWRYYxAB,"thiếu bánh phở nhân viên cx ko báo trc, bánh tráng cuốn thịt heo nhưng nhắc mới mang mắm nêm
6 miếng thịt heo mỏng cùng vài sợi dưa chuột, cà rốt, dứa vừa mỏng vừa ngắn (khi cuốn lại cắn miếng đầu là hết) để trong 1 cái khay to oạch trông mất thẩm mĩ, đĩa đồ cuốn kèm để trong tủ lạnh lâu bún còn vón cục, dứa héo
ko gian bí toàn mùi đồ ăn, kê bàn san sát nhau khách nói chuyện với tiếng nhân viên dọn đồ choảng nhau
đồ ăn ko hề ngon ăn xong tôi bị tiêu chảy
quá tệ nên ko thèm chụp ảnh",1,2025-06-24T16:54:05.663Z,user_80358,38,1
Bò Nhúng Dấm 555 Núi Trúc,ChZDSUhNMG9nS0VMZVA4NHZjenVxZlpnEAE,"Thật sự thất vọng về cách phục vụ của quán.
Các bạn nhân viên không báo hết đồ trước khi gọi món, mình đã hỏi đi hỏi lại ra đủ đồ chưa các bạn nói ra rồi ,nhưng mỗi khi thiếu gì mình lại phải hỏi một bạn, (hết đồ hay không chính các bạn cũng không biết mỗi người trả lời 1 kiểu)
Hết bún, hết rau củ quả cuốn, không đem bánh tráng ra và mình phải gọi hỏi từng thứ một ... một trả nghiệm siêu tệ.

-không bao giờ mình quay lại với cách phục vụ này !

Về phần đồ ăn mọi thứ khá ổn, nhiều thịt không có gì đáng phàn nàn.",2,2025-06-13T11:14:24.551Z,user_85843,9,0
Bò Nhúng Dấm 555 Núi Trúc,ChZDSUhNMG9nS0VOWHJtNlcwOS02WUtBEAE,"Mình đi 7ng đã đặt bàn trước, lúc đến bàn của mình đã có ng ngồi do nhân viên xếp nhầm. Sau khi ngồi vào bàn, mình cũng phải gọi nvien đến 3-4 lần mới có người đến order, mình order xong ngồi chờ 15 phút ko có đồ ra trong khi các bàn khác vẫn được ra đồ bthg.
Minh mới gọi nvien để hỏi thì bạn nvien mà nãy order cho bàn mình hỏi chị gọi gì ạ. Minh mới ớ ra, chị gọi từ 15' trước rồi mà em, thì bạn í và bạn nvien còn lại nhìn nhau xong bắt đầu cãi cự đổ cho nhau trước mặt khách.
Bàn mình lại phải order từ đầu và lại chờ, 15' sau vẫn ko thấy đồ ra, mình mới bực quá ra hỏi, nhân viên trả lời là do thiếu nhân viên thái thịt, anh chị thông cảm.
Mình gọi 2 nồi lẩu cộng 2 đĩa thịt ngoài, cuối cùng phải hủy 2 đĩa thịt và đi về, tất cả vẫn đói meo.
Nếu đã biết thiêú nvien thì nên thái sẵn trước, quán đông nhưng mà gọi đĩa nào nvien mới bắt đầu thái đĩa đấy. Mình thấy tội bạn thái thịt quá, thái liên tục ko được nghỉ, xong đến lúc bàn mình ra lấy xe thì chú trông xe đi đâu mất, bạn í lại lóc cóc ra dắt xe cho mình.
Nói chung trải nghiệm rất rất tệ, mình sẽ không bao giờ quay lại!",1,2025-05-29T06:38:01.215Z,user_95347,38,0
Bò Nhúng Dấm 555 Núi Trúc,ChdDSUhNMG9nS0VJQ0FnTUNJOTlhbmlRRRAB,"Đồ ăn k ngon như kỳ vọng, nước lẩu hơi mặn. Điểm sáng là bàn ghế sạch sẽ, gọn gàng",3,2025-04-05T11:53:15.602Z,user_62563,115,0
Bò Nhúng Dấm 555 Núi Trúc,ChdDSUhNMG9nS0VJQ0FnSUM3NlBibS1nRRAB,dạo này đồ ăn k được ngon như trước,3,2025-04-01T13:01:37.055Z,user_60157,72,1
Bò Nhúng Dấm 555 Núi Trúc,ChZDSUhNMG9nS0VJQ0FnTUR3dC1TdENBEAE,"Quán ăn ngon, nhiều món đa dạng về bò. Cả nội tạng bò lẫn thịt hầu. Nhân viên phục vụ ổn áp",4,2025-03-28T22:39:59.815Z,user_23455,45,0
Bò Nhúng Dấm 555 Núi Trúc,ChdDSUhNMG9nS0VJQ0FnTUNRbi16dzFRRRAB,"Tính tiền cũng sai quán làm ăn nhân viên chán , hết đồ thì bảo hẳn 1 câu chán cái cách làm việc",1,2025-03-08T05:55:05.497Z,user_27188,16,0
Bò Nhúng Dấm 555 Núi Trúc,ChZDSUhNMG9nS0VJQ0FnTURneExxaWF3EAE,"Nghe marketing rồi quảng cáo thấy ngon nên muốn trải nghiệm thử. Ai dè vừa phí tiền vừa ""tào tháo"". Đồ ăn nhúm một chút chút, đã vậy còn không ngon. Bò thì dai nhác nhai cả tiếng không nuốt được. Quả rau sống thì rửa bị bẩn không để ý là nuốt đất vào bụng. Nhân viên 0 điểm nhiệt tình. Cân nhắc kỹ trước khi ghé.",1,2025-02-22T14:06:24.532Z,user_12289,71,1
Bò Nhúng Dấm 555 Núi Trúc,ChdDSUhNMG9nS0VJQ0FnTURneFBLYWxnRRAB,"Thịt rất dai, ôi
Rau sống còn đầy đất. Mình báo thì nhân viên đổi cho đĩa khác.
Nước lẩu chua gắt, tương chấm không ngon
Nhân viên thái độ không chuyên nghiệp, còn đứng thì thầm to nhỏ.
Với giá 500k/ 2 người thì không đáng chút nào.
Một trải nghiệm tệ và mình sẽ không bao giờ quay lại",1,2025-02-22T14:03:48.975Z,user_80393,89,0
Bò Nhúng Dấm 555 Núi Trúc,ChZDSUhNMG9nS0VJQ0FnTUNnbE9lVVpREAE,"Đồ ăn ngon, quán phục vụ nhanh nhẹn.",5,2025-02-14T12:45:30.328Z,user_clone_60673,1,0
Bò Nhúng Dấm 555 Núi Trúc,ChdDSUhNMG9nS0VJQ0FnSURmN0xhYWxRRRAB,"Nhà mình đến ăn vào giữa trưa, quán rất vắng, chỉ có 3 bàn vào ăn, chắc là do quá nhiều điểm trừ. Vừa vào cửa, có em nhân viên ngồi chình ình trước cửa, mồm không nhoẻn được nụ cười đón khách. Lên món nhanh, thịt bò dai đến mức như con bò này thành tinh rồi hay sao đó. Tuyệt vời nhất là được ăn giữa những tiếng cãi cọ qua lại vô cùng to tiếng giữa quản lý và nhân viên. Ồn ào đến mức chúng tôi tỏ rõ thái độ khó chịu rồi và đã nhờ 1 em nhân viên góp ý hộ là nếu có tranh chấp nội bộ thì cũng đừng làm ảnh hưởng đến khách hàng đang dùng bữa. Nhưng không, họ vẫn lời qua tiếng lại rất chợ búa. Ok fine, cố nhai nốt mấy miếng thịt bò bằng cả tính mạng. Rồi khi tính tiền, có góp ý nhẹ nhân viên là: ""sao thịt bò nay dai thế hả e?"". Em nhân viên hỏi bếp, bếp hỏi quản lý thì quản lý nói khá to (hoặc giọng chị to đến mức cho em nghe thấy) rằng: ""dai thì chị phải báo ngay từ đầu, để em còn đổi cho chị, chứ chị thanh toán rồi thì chịu"". Trong khi chúng tôi không hề nói câu nào về việc chúng tôi đòi hỏi tiền bạc từ phía nhà hàng, và thật sự thịt của các bạn có vấn đề đến mức mà nhân viên của bạn nói to nhỏ với nhau ""ai tinh ý ăn sẽ biết ngay"". Thái độ và sự phục vụ kém tệ hại. Thức ăn dở tệ. Nhà tôi ăn bên hệ thống này đã nhiều năm nhưng lần này quay lại thì không thể chấp nhận được.",1,2025-01-04T14:06:58.114Z,user_81800,106,0
iSushi Hà Đông,Ci9DQUlRQUNvZENodHljRjlvT2tSNVIwUlJaWEZITVRsM1NFSlJkMmMxY1dGVVEyYxAB,"Đồ ăn ngon.
Chế biến nhanh.
Mình Sẽ quay lại ủng hộ quán.
Giá cả hợp lý.",5,2026-06-02T05:42:07.764Z,user_13434,84,0
iSushi Hà Đông,Ci9DQUlRQUNvZENodHljRjlvT2t4UE5YZDFNMlJaYmxGRU5VUjBlR1JGVEROdlJHYxAB,"Cơ sở này rất đáng để trải nghiệm, nhân viên ngoan và lên đồ nhanh.
Đầu tiên mình đi cuối tuần, ôi đông lắm phải chờ 30 phút. Mình đi 2 người gọi suất cao nhất, thanh toán khoảng 1tr5 gì đó. Đồ ăn ngon, sashimi tươi, steak ngon, salad hơi ít rau?. 2 đứa mình ăn trung bình kém nên ăn đồ ăn 1 lượt ra cũng không hết. Ai thích trải nghiệm nên gọi buffet không thì gọi lẻ chắc ổn áp hơn. Nhân viên take care tạm ổn, không nhiệt tình quá, nhưng cũng không có gì làm mình khó chịu. Không gian ngồi cũng bình thường, các bàn hơi gần nhau không riêng tư lắm.",5,2026-05-16T12:04:58.303Z,user_90322,50,0
iSushi Hà Đông,Ci9DQUlRQUNvZENodHljRjlvT21KV1dYQm1SMVZJVTBKTk1YZ3RkWEJUTVhWMVZsRRAB,"Đồ ăn ngon tuyệt vời, đóng gói cẩn thận sạch sẽ, giao hàng siêu nhanh luôn á, sẽ ủng hộ tiếp.",5,2026-05-12T23:17:35.834Z,user_clone_28544,1,0
iSushi Hà Đông,Ci9DQUlRQUNvZENodHljRjlvT210UmVFZFJUbEpWWVRNMGJXZHZhRE5DUTNGNExXYxAB,"Đồ ăn ngon tuyệt vời, đóng gói cẩn thận sạch sẽ, giao hàng siêu nhanh luôn á, sẽ ủng hộ tiếp.",5,2026-05-03T14:39:26.151Z,user_clone_26459,2,0
iSushi Hà Đông,Ci9DQUlRQUNvZENodHljRjlvT2sxNGNYTmxTVmxqV0MwMlVFNW9URmRCUVdSU1psRRAB,"Phục vụ nhiệt tình cơm cháy 01 mặt, lươn tươi mềm ngậy thơm ngon. các món cơm rất tuyệt. giá thị trường",4,2026-05-02T05:13:21.192Z,user_77443,48,0
iSushi Hà Đông,Ci9DQUlRQUNvZENodHljRjlvT20xR1F6TmxNRFZCTlc5b2JUbFhZaTFNUmxKcFpFRRAB,"Đồ ăn ngon. Phục vụ nhanh nhẹn, nhân viên hoà đồng",5,2026-04-30T15:06:41.168Z,user_57625,119,0
iSushi Hà Đông,ChRDSUhNMG9nS0VJQ0FnSURKX3FNVBAB,"Quán không đông lắm nhưng, sashimi cá hồi phục vụ chậm (bếp), phải đợi rất lâu (28/04/2026).",3,2026-04-28T13:42:37.200Z,user_32632,20,0
iSushi Hà Đông,Ci9DQUlRQUNvZENodHljRjlvT2tkTlVrVnpiVGx4WlVVd1kyZ3ROSEpEY1ZSVFNGRRAB,Đồ ăn ngon nhất trong chuỗi isushi. Đồ ăn tươi. T vote cho các món sashimi và bò nướng.,5,2026-04-12T13:33:38.107Z,user_71003,105,1
iSushi Hà Đông,Ci9DQUlRQUNvZENodHljRjlvT20xUlh5MWtjSGRGTm5CMU9FaGFUVFZLUWpWNE1WRRAB,"Giao hàng nhanh shipper thân thiện, đồ ăn ngon rẻ sạch sẽ đóng gói kỹ, nên mua nha cả nhà!",5,2026-03-30T03:47:58.774Z,user_clone_51390,2,0
iSushi Hà Đông,Ci9DQUlRQUNvZENodHljRjlvT205MWNGWjRSa2haTms5bGFYWTFSRGxoY25oRFduYxAB,"Nước lẩu đậm đà hợp vị mình, đồ nhúng tươi ngon sạch sẽ. Giá cả có hơi cao một chút nhưng xứng đáng chất lượng.",5,2026-03-30T03:47:49.452Z,user_52111,32,0
iSushi Hà Đông,Ci9DQUlRQUNvZENodHljRjlvT2t0VmJVTTJNWE5hWDI1WVp6Sk5hRlUwVW10c2NVRRAB,Món ăn yêu thích của mình tại isushi 🥰,5,2026-03-26T12:13:02.579Z,user_66718,63,0
iSushi Hà Đông,Ci9DQUlRQUNvZENodHljRjlvT25GNGVYSm9NV2d6YnpsS2RWVjJkelpEV1RVM1gyYxAB,Đồ ăn ok. Giá hơi max chút thôi,5,2026-03-19T07:09:05.274Z,user_clone_47559,2,0
iSushi Hà Đông,Ci9DQUlRQUNvZENodHljRjlvT2pWeVRGbDRZME5EVnpKM1UzVXpTVmR0UVZOek9WRRAB,Ngon,5,2026-03-12T11:55:27.741Z,user_clone_29667,1,0
iSushi Hà Đông,Ci9DQUlRQUNvZENodHljRjlvT2pWTE9XSllSbGRLYjJkSVJsZExjVFExWkhSSGRGRRAB,"Tuyệt vời,đồ ăn 10đ,phục vụ 11đ 😚",5,2026-03-09T06:06:44.526Z,user_33455,81,1
iSushi Hà Đông,Ci9DQUlRQUNvZENodHljRjlvT2pkRVRESlVNSFkwYTJKeWNtb3RUbEJhWVZGc1UzYxAB,"Ra thiếu món, món ra chậm",2,2026-03-05T03:23:39.028Z,user_27934,17,0
iSushi Hà Đông,Ci9DQUlRQUNvZENodHljRjlvT21wUFVqUkhaR2s1Y21SM2VuVkZWV0ZYVkVsVVJsRRAB,Nhân viên viên phục vụ rất kém không nhiệt tình cố tình kéo dài thời gian để hết giờ trong khi trên bàn luôn không có đồ ăn. Không muốn quay lại,2,2026-03-03T13:36:59.848Z,user_64220,10,1
iSushi Hà Đông,Ci9DQUlRQUNvZENodHljRjlvT2pob1lUVm1TelpWV2s1NVVUZEVWbmR5VFZkbk1XYxAB,ngon ghê á trời,5,2026-03-02T09:29:12.172Z,user_clone_19409,2,0
iSushi Hà Đông,Ci9DQUlRQUNvZENodHljRjlvT2pWRFpHVXhWVU40Vm1NNU0zUlBhMW8yTlRoMk5VRRAB,"Ngon, nv phục vụ nhiệt tình niềm nở .",5,2026-03-02T09:11:47.664Z,user_90709,36,1
iSushi Hà Đông,Ci9DQUlRQUNvZENodHljRjlvT2pWRlIzQlhOM05aYW5GUlZuUktaRWxZTlV4UlIzYxAB,"Giao hàng nhanh shipper thân thiện, đồ ăn ngon rẻ sạch sẽ đóng gói kỹ, nên mua nha cả nhà!",5,2026-03-02T09:07:11.130Z,user_clone_62663,2,0
iSushi Hà Đông,Ci9DQUlRQUNvZENodHljRjlvT21OUVUxRkhORUZ6ZUZGWWRtbzNWRUpMVGtSWlFWRRAB,nchung là 10đ ko có nhưng 😝😝,5,2026-03-02T09:05:07.789Z,user_clone_41004,2,0
iSushi Hà Đông,Ci9DQUlRQUNvZENodHljRjlvT21sZk4zaGxSbGhFV0RkTmJVcFljRmhNVEVZMmQwRRAB,"Đồ ăn ngon, tươi",5,2026-02-27T12:55:43.242Z,user_clone_35119,2,0
iSushi Hà Đông,Ci9DQUlRQUNvZENodHljRjlvT2tOYVFqTnZZbFl5VVVaYVVETkxMWGd0YTE5MVVYYxAB,"Nước chấm hơi ngọt quá không hợp gu người Bắc lắm. Thịt nướng thơm, mềm, đóng gói cẩn thận.",5,2026-02-27T12:54:10.679Z,user_67335,6,1
iSushi Hà Đông,Ci9DQUlRQUNvZENodHljRjlvT2preGMySnZSVmd5VTJSRlZISlpaak5vVjB4QlNFRRAB,Hmm miếng sashimi mỏng lét 😗 lên món lâu cực . Cục cơm thì chà bá,1,2026-02-22T16:54:29.534Z,user_46625,17,1
iSushi Hà Đông,Ci9DQUlRQUNvZENodHljRjlvT21aUmJsQnVNSEZqVERrelRYTkplSGRZY0RoSlUwRRAB,Rất tốt,5,2026-02-15T12:23:11.489Z,user_25915,92,0
iSushi Hà Đông,Ci9DQUlRQUNvZENodHljRjlvT25KTlpYQnNabE00VldKMk4ycFVPVzVCVm5kQ2JIYxAB,"Giao hàng nhanh shipper thân thiện, đồ ăn ngon rẻ sạch sẽ đóng gói kỹ, nên mua nha cả nhà!",5,2026-02-15T12:22:55.772Z,user_clone_82115,1,0
iSushi Hà Đông,Ci9DQUlRQUNvZENodHljRjlvT2xoSWFWa3RVM2hqTUVkdlozUjVkVmRoU1dWd1VVRRAB,Shop ok nha,5,2026-02-15T12:22:36.491Z,user_clone_49184,1,0
iSushi Hà Đông,Ci9DQUlRQUNvZENodHljRjlvT2xBeVdWZzVkMWhXVmpWUGNsQk1ORFZqVGxWUlFtYxAB,"đò ăn hợp khẩu vị, tươi",5,2026-02-14T05:09:13.449Z,user_clone_46045,2,0
iSushi Hà Đông,Ci9DQUlRQUNvZENodHljRjlvT2pRM1pGaEpMWFpzTlUxblZVUjZRbTF1VUdzMFowRRAB,đồ ăn tươi,5,2026-02-14T05:00:36.425Z,user_clone_72013,1,0
iSushi Hà Đông,Ci9DQUlRQUNvZENodHljRjlvT2xSc1JWOWtZblpIVEcxSmFrOVViVzB3UjNaUFpHYxAB,"Nước chấm hơi ngọt quá không hợp gu người Bắc lắm. Thịt nướng thơm, mềm, đóng gói cẩn thận.",5,2026-02-11T05:10:00.164Z,user_59136,70,0
iSushi Hà Đông,Ci9DQUlRQUNvZENodHljRjlvT2s5S2NWUndSa3BTWldoT2FraHRVV0pWVmpsVFZuYxAB,Cá hồi ngon hàng chuẩn ạ,5,2026-02-10T12:15:23.882Z,user_clone_31414,1,0
iSushi Hà Đông,Ci9DQUlRQUNvZENodHljRjlvT2tSV1dITmxRVmhyVmtWcmVtOUtUVXBuWVZoSFpFRRAB,Không gian tuyệt vời,5,2026-02-10T12:14:43.967Z,user_clone_30467,2,0
iSushi Hà Đông,Ci9DQUlRQUNvZENodHljRjlvT2w5WmVrYzNPR0kxZUVORFZsUjZaV1ZZWlRGNk9WRRAB,"Món ăn rất ngon ạ, shop đóng gói kỹ càng, anh shipper thân thiện giao nhanh, nên mua nha mọi người.",5,2026-02-10T04:59:35.897Z,user_clone_60306,2,0
iSushi Hà Đông,Ci9DQUlRQUNvZENodHljRjlvT2pWWGRrNVZNWFZQVVZwWWFFTnZlR1JFY25wSlJXYxAB,"Không gian quán rộng rãi thoáng mát, view chụp ảnh khá đẹp. Món ăn lên nhanh nhưng sườn hơi dai một tí.",5,2026-02-09T12:02:03.402Z,user_84623,13,1
iSushi Hà Đông,Ci9DQUlRQUNvZENodHljRjlvT2xCM2FIZHdUVGN4VmtaRVlqTk9ZM0ZqT0haMlZuYxAB,"Quán quen của gia đình mình, đồ ăn ở đây lúc nào cũng giữ được phong độ. Điểm 9 cho chất lượng.",5,2026-02-09T04:37:59.687Z,user_83384,105,0
iSushi Hà Đông,Ci9DQUlRQUNvZENodHljRjlvT2pCVlR6aFFjVWN4VWpOS1dWSlRXSEJSUmt4M1YyYxAB,"Giao hàng nhanh shipper thân thiện, đồ ăn ngon rẻ sạch sẽ đóng gói kỹ, nên mua nha cả nhà!",5,2026-02-08T13:50:10.218Z,user_clone_87219,2,0
iSushi Hà Đông,Ci9DQUlRQUNvZENodHljRjlvT2tKcGRVZFlOM2xxTW5WclQyczNMV0ZvUlV0WlQzYxAB,"Đồ ăn ngon, nv phục vụ nhiêt tình",5,2026-02-08T12:24:48.629Z,user_clone_56237,2,0
iSushi Hà Đông,Ci9DQUlRQUNvZENodHljRjlvT2tGcWRFSTVNV2RJWTI4eVpXWmZVRzlpVVd4Q1VXYxAB,"Món ăn ngon, phục vụ nhiệt tình",5,2026-02-08T11:22:15.593Z,user_clone_32688,2,0
iSushi Hà Đông,Ci9DQUlRQUNvZENodHljRjlvT2tzNGIycG1aUzAyVVhKRmNFTktOR0pEY21Gb1VtYxAB,"Quán quen của gia đình mình, đồ ăn ở đây lúc nào cũng giữ được phong độ. Điểm 9 cho chất lượng.",1,2026-02-07T13:01:19.186Z,user_76123,87,1
iSushi Hà Đông,Ci9DQUlRQUNvZENodHljRjlvT25WdlgwTkNSbGMxUVhOMGFGYzFUbWRqVTNCUVZsRRAB,"Chờ quá lâu mãi mới ra được vài món, ăn hết ngồi chờ mãi mới ra được 1 món tiếp",2,2026-02-07T12:31:46.344Z,user_27839,86,0
iSushi Hà Đông,Ci9DQUlRQUNvZENodHljRjlvT2pkclFrMTNWWEUyUTI5U2IyY3lVVEZ0UVZJeWIyYxAB,"Không gian quán rộng rãi thoáng mát, view chụp ảnh khá đẹp. Món ăn lên nhanh nhưng sườn hơi dai một tí.",5,2026-02-07T05:12:17.367Z,user_48541,28,0
iSushi Hà Đông,Ci9DQUlRQUNvZENodHljRjlvT21OT2FWTmhkMkZCVWpWbVdUTldWRTFUTVc1WlpYYxAB,"Đồ ăn tươi ngon, các bạn nhân viên phục vụ nhiệt tình!",5,2026-02-06T12:16:40.872Z,user_61150,13,0
iSushi Hà Đông,Ci9DQUlRQUNvZENodHljRjlvT25WRWJtNVhNM1psUmpCdmIwVlFTMGRRTmxacGEzYxAB,Great experience!,5,2026-02-06T12:11:32.895Z,user_clone_15692,2,0
iSushi Hà Đông,Ci9DQUlRQUNvZENodHljRjlvT2pNM2JIaDVkMVpITTJ4RVNIVjBVbkl3TkdaSE5YYxAB,Ngon tuyệt vời,5,2026-02-06T12:11:15.383Z,user_41411,76,0
iSushi Hà Đông,Ci9DQUlRQUNvZENodHljRjlvT2xSWFRrVldXV3RaYkhoS0xXWklTVTVZZDE5eFVrRRAB,Đồ ăn ngon tuyệt😻,5,2026-02-06T06:14:32.456Z,user_clone_42839,1,0
iSushi Hà Đông,Ci9DQUlRQUNvZENodHljRjlvT25GdkxWQlFVbUpHZVdNeVZHSjFibnBXU0djNU9GRRAB,"Ăn buffet ở đây khá hời, nhiều món lựa chọn, hải sản tươi. Sẽ giới thiệu cho bạn bè.",4,2026-02-06T04:24:49.538Z,user_64118,35,1
iSushi Hà Đông,Ci9DQUlRQUNvZENodHljRjlvT2xac2FGUnVVM2hOWTNOSlJGRktiVVF5YlZKeU5YYxAB,"Phục vụ nhanh nhẹn, đồ ăn ngon",5,2026-02-06T04:24:21.540Z,user_25644,110,0
iSushi Hà Đông,Ci9DQUlRQUNvZENodHljRjlvT21GRGJUUlBZbFZRVm1jNFNHRlZia2wxY1hNM01VRRAB,"Quán sạch sẽ đồ ăn ngon, shipper giao nhanh nhiệt tình, đóng gói rất kỹ, 10 điểm uy tín cả nhà ơi.",5,2026-02-06T04:22:50.008Z,user_clone_41996,2,0
iSushi Hà Đông,Ci9DQUlRQUNvZENodHljRjlvT2s5dVFqaHRlVWd4VXpCNU9YTm5hMUoyYkZSbWEzYxAB,"Giao hàng nhanh shipper thân thiện, đồ ăn ngon rẻ sạch sẽ đóng gói kỹ, nên mua nha cả nhà!",5,2026-02-05T07:36:16.307Z,user_clone_54364,1,0
iSushi Hà Đông,Ci9DQUlRQUNvZENodHljRjlvT20xamNXVndRbloyVm01UFQwRnBSMVpLWmpoNVVYYxAB,"Đồ ăn ngon, nhân viên phục vụ chu đáo nhiệt tình. Điểm trừ là cuối tuần hơi đông nên phải chờ bàn hơi lâu.",4,2026-02-05T07:35:31.104Z,user_16651,22,0
iSushi Hà Đông,Ci9DQUlRQUNvZENodHljRjlvT2tKR01rSnhlVWx6ZEZCUVZUbFZkazFLTTFKcE5VRRAB,Món ngon không gian lịch sự thoáng đãng,5,2026-02-04T11:24:16.610Z,user_77374,25,0
Cò Quán Bánh Tráng Thịt Heo,Ci9DQUlRQUNvZENodHljRjlvT2xReVNUY3hNRkpMTjFnMFIzWkRWbDlZUzFaelRIYxAB,"Hôm trước thèm vị quê nên ghé quán làm mẹt bánh hỏi lòng heo. Điểm cộng là dồi và lòng non làm rất sạch sẽ, nước mắm chấm pha vừa vặn ăn kèm rau sống tươi roi rói. Tuy nhiên buổi sáng quán đông khách quá nên phục vụ hơi lóng ngóng, mình gọi thêm đĩa bánh hỏi mà đợi mãi mới thấy bưng ra. Không gian quán hơi nhỏ và bí, nhóm đi tầm 4 người ngồi hơi chật chội. Chỗ đỗ xe máy ngay trước cửa nhưng vỉa hè hơi hẹp, quay xe hơi vất vả chút. Tạm chấm 4 sao, mong quán cải thiện tốc độ lên đồ.",4,2026-06-03T09:09:52.176Z,user_91176,79,0
Cò Quán Bánh Tráng Thịt Heo,Ci9DQUlRQUNvZENodHljRjlvT210RmFrZEdjbEV4T1VJNVJUUTBkelE1WmtOaE9YYxAB,"Chiều hôm thứ Năm đi công tác vừa đáp chuyến bay xuống mệt rã rời, được anh bạn đồng nghiệp dẫn thẳng qua đây ăn bánh tráng trộn cuốn giải ngấy. Điểm cộng lớn là bãi đỗ xe rộng rãi, bước vào trong thấy không gian sạch sẽ ngăn nắp, nhân viên chào hỏi lễ phép. Bọn mình gọi suất bánh tráng phơi sương cuộn bơ trứng muối béo ngậy và tóp mỡ rim sa tế siêu dính nhìn trình bày tươm tất sạch sẽ. Nước sốt sánh mịn quyện đều, ăn miếng nào chất lượng miếng đấy bồi bổ thể lực rất tốt. nhưng chỗ ngồi ngồi bệt trong góc hơi chật hẹp, đi nhóm đông người xoay sở hơi khó một tí. Được cái giá rổ hợp lý so với chất lượng, phục vụ nhanh không phải chờ lâu.",3,2026-06-02T08:23:05.603Z,user_64336,40,0
Cò Quán Bánh Tráng Thịt Heo,Ci9DQUlRQUNvZENodHljRjlvT2kxSE5DMW5kRUl6YjBSMFVsVnBkRmd0ZFVOS1dtYxAB,"Thái độ nhân viên hơi kém, gọi thêm đồ mà mãi không thấy mang lên. Được cái đồ ăn cứu vớt lại khá ngon.",4,2026-06-02T03:46:35.157Z,user_22602,104,0
Cò Quán Bánh Tráng Thịt Heo,Ci9DQUlRQUNvZENodHljRjlvT2tsTFkzcExZV3hPVjNsVU9FZGtaRXhsVUVSWlRXYxAB,"Đồ ăn sạch sẽ, rau nhiều.
Nhưng mà để giá menu công khai 1 giá, đến quán 1 giá khác. Nếu quán mình đã đổi giá thì nên công khai giá menu mới
Mắm nêm khum ngon nó chua và mặn quá
Nem lụi k đặc sặc, k cuốn bằng sả mà bằng đũa ăn k rõ vị gì giá cũng tận 86k thì k đáng",3,2026-05-23T07:29:24.102Z,user_99429,14,0
Cò Quán Bánh Tráng Thịt Heo,Ci9DQUlRQUNvZENodHljRjlvT2t4aVVXYzFNMWg2WkhveVpqaEVaRXhhTlRoUVdsRRAB,Excellent rice paper rolls. Good price too!,5,2026-03-26T11:45:04.484Z,user_clone_61701,1,0
Cò Quán Bánh Tráng Thịt Heo,Ci9DQUlRQUNvZENodHljRjlvT2kxdFJYSlFRekZTZFZoT0xVeFJlblJTZGpkdVMwRRAB,Không ngon,1,2026-03-21T02:13:32.239Z,user_35281,11,0
Cò Quán Bánh Tráng Thịt Heo,Ci9DQUlRQUNvZENodHljRjlvT2xWb1gxSjNWVVpWWWpablpVdGFla1E1VFhOQmJuYxAB,"Quán bẩn, đồ ăn dở. Không quay lại.",1,2026-03-21T02:12:35.388Z,user_80622,20,0
Cò Quán Bánh Tráng Thịt Heo,Ci9DQUlRQUNvZENodHljRjlvT25SbWVFMUpiRlJ0VTFWSVRGWTVTM052Y2w5NVgxRRAB,Dirty environment and lame flavour,1,2026-03-21T02:06:46.714Z,user_52014,45,1
Cò Quán Bánh Tráng Thịt Heo,Ci9DQUlRQUNvZENodHljRjlvT2w5dVNuVlNZVWhqVm1aSlUycFplbGxOVjJWdVVrRRAB,Tạm,3,2026-03-06T12:35:26.323Z,user_35325,96,1
Cò Quán Bánh Tráng Thịt Heo,Ci9DQUlRQUNvZENodHljRjlvT25NM1luUXRZM2c0UWtWSmFHbFFOa1pFTTFscVZWRRAB,"1 suất ở đây ăn quá là no luôn. Quán sạch sẽ, mỗi tội hơi mùi thức ăn.",5,2025-12-05T12:54:06.234Z,user_26496,101,0
Cò Quán Bánh Tráng Thịt Heo,Ci9DQUlRQUNvZENodHljRjlvT25wUFoxWnhWV1JNWTE5Mk4xaDRUbFl3YVMxcmVuYxAB,"Nước mắm hơi nhạt, rau sạch, phục vụ nhanh, không gian hơi mùi",3,2025-12-03T09:56:39.501Z,user_99364,90,0
Cò Quán Bánh Tráng Thịt Heo,Ci9DQUlRQUNvZENodHljRjlvT21sclZXOXJiWFEyVld4dll5MUNXR3BJZFRGcFNrRRAB,"Quán đồ ăn ngon, mắm nêm vừa vặn, ko bị gắt hay nhạt nhoà, miếng thịt to, xin thêm rau thoải mái, nem lụi cá nhân mình chưa ưng lắm, cảm giác ít thịt, nhiều sả và hơi bé. Nhưng đc cái cái rau tươi và thịt ngon nên chắc chắn mình sẽ quay lại",5,2025-10-28T08:38:45.503Z,user_81801,14,1
Cò Quán Bánh Tráng Thịt Heo,Ci9DQUlRQUNvZENodHljRjlvT2t0dVkyMXVNV3RWYjNkYWJsSnpiM2x0YVdnd1RrRRAB,"Rất là ngon, em tốn nhiều tiền ở quán nhà mình lắm rồi:))))",5,2025-09-18T07:15:03.912Z,user_37798,45,0
Cò Quán Bánh Tráng Thịt Heo,Ci9DQUlRQUNvZENodHljRjlvT2pGMFowUlFYMlptYlRWNlpUUmhaaTFrV21sNmVXYxAB,"Ngonnnn ạ, ăn 2 người no căng lunn. Lên đồ nhanh.",5,2025-09-16T15:17:54.435Z,user_53550,78,0
Cò Quán Bánh Tráng Thịt Heo,Ci9DQUlRQUNvZENodHljRjlvT25kSGNYSjNWbEY1TlMxaFptaHhkRVYzYUhCamJIYxAB,"tăng giá lên rất nhiều ( trên dưới 20k) nhưng chất lượng đồ ăn cảm thấy không còn được như trước, không gian cũng trở nên chật hẹp hơn. Hơi thất vọng.",3,2025-08-24T04:38:55.730Z,user_95632,15,0
Cò Quán Bánh Tráng Thịt Heo,Ci9DQUlRQUNvZENodHljRjlvT25GclpWTlFNMG90UW5WWVdFOXVkM1JCVDA1RmJYYxAB,"Tìm ra chân ái bánh tráng cuốn
Mình dẫn bạn đến và hầu như ai cũng gật đầu khen ngon
Bì giòn, dày thịt ko bị mỏng. Rau tươi ăn kèm, mình thích ớt chưng nhà này.",5,2025-08-19T17:37:43.014Z,user_18731,44,0
Cò Quán Bánh Tráng Thịt Heo,Ci9DQUlRQUNvZENodHljRjlvT2xwTVpEbDZXRnBEZUZKWmR6Vm5iRzFyYWtsZmFGRRAB,"quán này thì nổi sẵn rồi, đồ ăn ngon, xứng đáng với giá tiền, mỗi cái nếu đi đông thì nên đặt trước tại chỗ ngồi khá giới hạn do không gian hẹp",5,2025-07-01T16:16:19.182Z,user_48376,115,0
Cò Quán Bánh Tráng Thịt Heo,ChdDSUhNMG9nS0VLcTI2cWJGbk5YaXNBRRAB,"Ăn buffet ở đây khá hời, nhiều món lựa chọn, hải sản tươi. Sẽ giới thiệu cho bạn bè.",5,2025-06-08T09:26:18.319Z,user_35859,6,1
Cò Quán Bánh Tráng Thịt Heo,ChZDSUhNMG9nS0VOZWdzdS1JaHRIbFJnEAE,"Thái độ nhân viên hơi kém, gọi thêm đồ mà mãi không thấy mang lên. Được cái đồ ăn cứu vớt lại khá ngon.",4,2025-06-07T10:36:42.968Z,user_27828,56,0
Cò Quán Bánh Tráng Thịt Heo,ChdDSUhNMG9nS0VJQ0FnTUNnenBtTTJRRRAB,"Mình đi cùng hai người bạn, ăn no căng bụng mà hết có 230k cả nước, quá ưng! Thịt heo mềm, rau tươi, mắm chấm hợp khẩu vị, . Quán lên món nhanh, không phải chờ lâu, rất hợp với những lúc đang đói mà không muốn sốt ruột.

Không gian rộng rãi, thoáng mát, ngồi ăn còn được ngắm tàu trên cao chạy qua :)))). Chỗ để xe thoải mái, có bảo vệ trông nên khỏi loay hoay tìm chỗ hay sợ mất xe.

Nói chung là ăn ngon, giá hợp lý, dịch vụ ổn. Chắc chắn mình sẽ quay lại nhiều lần nữa! Ai thích bánh tráng cuốn thịt heo thì nên thử nhé!",5,2025-02-17T09:48:33.999Z,user_80648,75,0
Cò Quán Bánh Tráng Thịt Heo,ChZDSUhNMG9nS0VJQ0FnSUNfaklDZEJREAE,"Quán quen của gia đình mình, đồ ăn ở đây lúc nào cũng giữ được phong độ. Điểm 9 cho chất lượng.",1,2025-01-13T12:24:45.582Z,user_39684,37,0
Cò Quán Bánh Tráng Thịt Heo,ChZDSUhNMG9nS0VJQ0FnSUNmMDdlOVpBEAE,"Đồ ăn tệ, lẩu bò nhúng dấm thì thịt bò bở bục, có miếng thâm thì. Nước dùng nhạt. Cố ăn cho đỡ phí tiền. Chất lượng thịt rất kém.",1,2025-01-01T10:20:15.424Z,user_98669,80,0
Hotpot Story Vincom Trần Duy Hưng,Ci9DQUlRQUNvZENodHljRjlvT21Wa01VY3lSek56VFZSNmIwWkVjMDl3TFZOWVlXYxAB,"Nay mình đi ăn ở quán , nhân viên phục vụ rất tốt , take care nhiệt tình , Đồ ăn ra nhanh , Sẽ đi ăn vào lần tiếp , Mn nên thử",5,2026-05-31T17:13:52.452Z,user_50810,19,0
Hotpot Story Vincom Trần Duy Hưng,Ci9DQUlRQUNvZENodHljRjlvT25KcmIyUXhTbmc0U2xCUFVVUXRNbTlIVTFwU01YYxAB,"Đồ ăn OK, mức giá hợp lý. Đi cuối tuần đông nhưng nhân viên vẫn care nhiệt tình.",5,2026-05-31T16:41:00.825Z,user_20927,88,1
Hotpot Story Vincom Trần Duy Hưng,Ci9DQUlRQUNvZENodHljRjlvT2toWVVHdHhXazF3WVVkemRWZFJNazE2UkhkT2JsRRAB,"Khách đang ăn gọi nhân viên ra đuổi luôn nhân viên , cho nhân viên nghỉ việc . 1 người oder thôi làm gì phải gọi làm người oder ra vậy? Khách ăn thấy ngại",1,2026-05-31T15:15:13.583Z,user_40672,48,0
Hotpot Story Vincom Trần Duy Hưng,Ci9DQUlRQUNvZENodHljRjlvT2pkZmNrVkpkekIyUVV0YVlqbGpjR3BCZUd4NlluYxAB,Ok vừa mồm,5,2026-05-31T06:36:08.472Z,user_clone_97290,1,0
Hotpot Story Vincom Trần Duy Hưng,Ci9DQUlRQUNvZENodHljRjlvT200dFQxazVXVmcxWnpKUWNETlplRkl4VGxobU5rRRAB,"Đồ ăn ngon tuyệt vời, đóng gói cẩn thận sạch sẽ, giao hàng siêu nhanh luôn á, sẽ ủng hộ tiếp.",5,2026-05-25T04:57:16.226Z,user_clone_85305,1,0
Hotpot Story Vincom Trần Duy Hưng,Ci9DQUlRQUNvZENodHljRjlvT210R1pGQnBRbGxWTmswdGFYSkdWemhXWVhndE5VRRAB,"Trải nghiệm tốt, phục vụ rất nhanh và đồ ăn rất tươi",5,2026-05-25T04:42:48.736Z,user_86264,31,1
Hotpot Story Vincom Trần Duy Hưng,Ci9DQUlRQUNvZENodHljRjlvT2tsb1ZEaE5kMlEwVTJOUFdVSklWMFJmUms5NmMxRRAB,"Ăn buffet ở đây khá hời, nhiều món lựa chọn, hải sản tươi. Sẽ giới thiệu cho bạn bè.",5,2026-05-25T04:41:24.299Z,user_75233,30,0
Hotpot Story Vincom Trần Duy Hưng,Ci9DQUlRQUNvZENodHljRjlvT25wYWN6ZFNMWGh2Y0RWelJFNW1Ta1JDTldwV2VIYxAB,"Giao hàng nhanh shipper thân thiện, đồ ăn ngon rẻ sạch sẽ đóng gói kỹ, nên mua nha cả nhà!",5,2026-05-25T04:38:00.661Z,user_clone_77683,2,0
Hotpot Story Vincom Trần Duy Hưng,Ci9DQUlRQUNvZENodHljRjlvT2xkd1JuUXlRV2hHYm5Od1FuaHNUM2RZVFhsSmJuYxAB,"Nước lẩu đậm đà hợp vị mình, đồ nhúng tươi ngon sạch sẽ. Giá cả có hơi cao một chút nhưng xứng đáng chất lượng.",5,2026-05-25T04:37:46.177Z,user_64406,58,0
Hotpot Story Vincom Trần Duy Hưng,Ci9DQUlRQUNvZENodHljRjlvT2t3M2VuUkRlWFV5Vm01R1JWSkRjelJhVWxvdGQxRRAB,Đồ ăn ngon,5,2026-05-25T04:37:36.335Z,user_97814,114,0
Hotpot Story Vincom Trần Duy Hưng,Ci9DQUlRQUNvZENodHljRjlvT2sxWE1rOVZTVzlXWmtGNmNFUlpRM3BIYld0V1ZFRRAB,"Vị ăn tạm ổn, không có gì quá xuất sắc nhưng sạch sẽ. Sẽ quay lại nếu có dịp đi cùng gia đình.",5,2026-05-18T13:25:05.115Z,user_39056,34,0
Hotpot Story Vincom Trần Duy Hưng,Ci9DQUlRQUNvZENodHljRjlvT2xGdFZuWjJjblJaTmpaZmRUQTVOa2QzU0RGUGVVRRAB,"Đồ ăn khá ổn, quầy line đầy đủ nhưng trải nghiệm phục vụ chưa tốt. Nhiều nhân viên  tụ tập nói chuyện riêng, khách cần hỗ trợ phải gọi nhiều lần. Chỉ có 1-2 bạn order và mang đồ là nhiệt tình, còn lại khá thờ ơ với khách.
Thật sự thất vọng khi bỏ ra hơn 300k mà nhận lại trải nghiệm tệ..",2,2026-05-17T16:05:36.135Z,user_69944,80,1
Hotpot Story Vincom Trần Duy Hưng,Ci9DQUlRQUNvZENodHljRjlvT2toNmNHSlhMVVJWVDB0eE1HaHdhV2h3ZERkcGNYYxAB,"Chất lượng ổn, đồ ăn tươi, không có mùi lạ. Ăn vừa miệng, phù hợp với giá tiền, đáng để thử nha mọi người.",5,2026-05-17T13:20:17.889Z,user_82764,116,1
Hotpot Story Vincom Trần Duy Hưng,Ci9DQUlRQUNvZENodHljRjlvT2pkNFZsOVRYMjVuVTA1dVVrWXhhRFpqZDJ4bFYxRRAB,"Lâu lắm rồi mình mới quay lại đây ăn giá buffe thay đổi nhg có thêm bò tươi khá ngon, nhà hàng khá đông khách nên có hơi nóng còn lại mọi thứ vẫn ok",5,2026-05-16T15:01:49.856Z,user_59124,48,0
Hotpot Story Vincom Trần Duy Hưng,Ci9DQUlRQUNvZENodHljRjlvT2tjeFZUQlhUMVZJY1ZCTU15MWxSR05uWVcwMVMxRRAB,"Các bạn nv rất nhiệt tình, nh hôm nay đông khách quá đồ ra hơi chậm nhưng các bạn đã xin lỗi và lấy đồ cho bàn mình",5,2026-05-16T14:40:29.709Z,user_58328,106,1
Hotpot Story Vincom Trần Duy Hưng,Ci9DQUlRQUNvZENodHljRjlvT21weldtbDFRbGR3TkdKbGMzRXhRVlo0TUdSMldIYxAB,Đồ ăn ngon,5,2026-05-16T14:26:59.911Z,user_15772,78,0
Hotpot Story Vincom Trần Duy Hưng,Ci9DQUlRQUNvZENodHljRjlvT210c1NGaENhVUp4Ulc5VGEyTlFaVEoxZEZaRE5tYxAB,Đồ ăn tệ cực kì.,1,2026-05-16T14:01:39.798Z,user_17471,33,1
Hotpot Story Vincom Trần Duy Hưng,Ci9DQUlRQUNvZENodHljRjlvT2pCeFZubDBaMEZwVkU5M2NFUkhjRlZsTXkxdlZsRRAB,Rất hài lòng,5,2026-05-15T04:31:49.093Z,user_clone_29833,2,0
Hotpot Story Vincom Trần Duy Hưng,Ci9DQUlRQUNvZENodHljRjlvT2xsTmRHaHZhR051YVVsbE56QjJjR1I1V1hsb1ltYxAB,"Thái độ nhân viên hơi kém, gọi thêm đồ mà mãi không thấy mang lên. Được cái đồ ăn cứu vớt lại khá ngon.",5,2026-05-11T06:42:44.226Z,user_72400,31,0
Hotpot Story Vincom Trần Duy Hưng,Ci9DQUlRQUNvZENodHljRjlvT2xsMlpVMXZXbFpCYzFCbWNsSldZMng2UTJwRmNGRRAB,"đồ ăn đầy đặn, nhân viên lên đồ nhanh nha, các bạn hỗ trợ khá nhiệt tình.",5,2026-05-10T14:17:10.957Z,user_13636,117,1
Hotpot Story Vincom Trần Duy Hưng,Ci9DQUlRQUNvZENodHljRjlvT2pZeVFWUXpiVkpZTld0WmVXazBTV3BVTFV3elUwRRAB,"Đồ ăn vừa mieng, cá rieu hồng ngon. Các bạn nhiet tình",5,2026-05-10T13:41:15.646Z,user_clone_61466,2,0
Hotpot Story Vincom Trần Duy Hưng,Ci9DQUlRQUNvZENodHljRjlvT25oaFgzZHJVVUZ1Ym1WVlExSkRaamxuZFUxNlIwRRAB,"Đồ ăn ngon giá cả phù hợp, rất thích bò chill bên này",5,2026-05-10T05:51:53.909Z,user_55226,27,0
Hotpot Story Vincom Trần Duy Hưng,Ci9DQUlRQUNvZENodHljRjlvT21wM1JuSlJVSFV4ZUhoNlYyUmZaRk54Tm1WcVRYYxAB,"Đồ ăn thì theo như mình thấy cũng chưa quá đặc sắc. Nhân viên niềm nở, nhiệt tình thấy mình loay hoay con nhỏ cũng đỡ mình bế bé để mình ăn cho lẹ. Cảm ơn các bạn nhiều nhe. Mình đi ăn muộn nên đồ trên quầy line khá nguội rồi.",5,2026-05-05T15:31:21.843Z,user_36715,42,0
Hotpot Story Vincom Trần Duy Hưng,Ci9DQUlRQUNvZENodHljRjlvT2w5alZsSTFUamsxY0d4c1NVNXNTMDFhUTA0d1ZsRRAB,"Nhân viên lầm lì, khách vào mà k nói gì với không hướng dẫn khách gọi đồ như nào. xong tụ mấy nhân viên vào nói xấu khách hàng :))) ko hiểu nhân viên bị làm sao nữa",1,2026-04-26T16:34:26.521Z,user_78212,62,0
Hotpot Story Vincom Trần Duy Hưng,Ci9DQUlRQUNvZENodHljRjlvT21sclRsUlpaUzA0UVZoRE1tZ3dUMEUzTmxnNWRuYxAB,"Đồ ăn ok, chất lượng. Nhân viên tư vấn nhiệt tình, thường xuyên chú ý quan sát xem khách cần gì để giúp.",5,2026-04-20T13:15:05.883Z,user_14138,14,1
Hotpot Story Vincom Trần Duy Hưng,Ci9DQUlRQUNvZENodHljRjlvT25CNVRqSk1PVU42VjNWVlNrZ3lWVkpFZVVJeloyYxAB,"Trước có ăn ở đây mấy lần rồi, giờ mới đổi menu mới giá cao hơn chút mà được cái quầy line nhiều đồ hơn trước. Nhân viên ngoan, dễ thương. Cần đồ gì mà hết nv hỗ trợ lấy mang ra bàn rất nhanh nhẹn. Niceeee",5,2026-04-20T12:29:51.279Z,user_clone_96192,2,0
Hotpot Story Vincom Trần Duy Hưng,Ci9DQUlRQUNvZENodHljRjlvT21abFEzcExVVmxEUjBOeWFrVm9jRWRxY20xblZsRRAB,"Ăn buffet ở đây khá hời, nhiều món lựa chọn, hải sản tươi. Sẽ giới thiệu cho bạn bè.",1,2026-04-20T12:07:32.865Z,user_20989,110,1
Hotpot Story Vincom Trần Duy Hưng,Ci9DQUlRQUNvZENodHljRjlvT205a05ubEtiV1E0U21JdFMwcEVNbXQxUkdGNFJrRRAB,Đồ ăn bthg so vs mức giá. Nhân viên thì hời hợt. Hết dimsum rồi mà lúc tư vấn không bảo. Tới lúc người ta hỏi thì mới trả lời,1,2026-04-20T12:07:32.827Z,user_64948,55,0
Hotpot Story Vincom Trần Duy Hưng,Ci9DQUlRQUNvZENodHljRjlvT25sRFQxRlRVM1p2V0dwaGVVTTNaRlZLYmxsNVNWRRAB,"Treo biển 179k từ tầng 1 đến 4 đến trươcd cửa hàng, xong giải thích vớ vẩn là ""đấy là menu năm ngoái""
Thế là chộp giật rồi
Mà bọn chộp giật thì ko bao h làm được cái gì chất lượng!",1,2026-04-20T10:41:46.846Z,user_40614,13,1
Hotpot Story Vincom Trần Duy Hưng,Ci9DQUlRQUNvZENodHljRjlvT25nNVJXbGFOMVpmWlRaNk1GWmlTMnN6WVdkRVJGRRAB,"Huy pha nước chấm ngonnn, vui tính 😁",5,2026-04-04T15:29:48.992Z,user_clone_40219,2,0
Hotpot Story Vincom Trần Duy Hưng,Ci9DQUlRQUNvZENodHljRjlvT2tOTU9IVnJURGR5YlhvdFgzTlhjV1ZoWkVGaFpXYxAB,Xin lỗi nhà hàng nhé huhu các bạn gửi stk coi như phid dọn sự cố bất ngờ quá💔💔💔,5,2026-03-28T06:24:04.562Z,user_76480,51,0
Hotpot Story Vincom Trần Duy Hưng,Ci9DQUlRQUNvZENodHljRjlvT21wSmQySnpURTl4UWxkdVIydFFYM28zTWs4d1FtYxAB,"Quầy line có nhiều món mới, đồ ăn hơi khác trước nhưng vẫn ngon, dùng thêm bf line là được lấy full đồ thoải mái. Các bạn nhân viên rất nhiệt tình, thân thiện. Đầu tuần còn được giảm giá rẻ nữa. Niceeeeeee",5,2026-03-26T04:36:12.399Z,user_58975,46,1
Hotpot Story Vincom Trần Duy Hưng,Ci9DQUlRQUNvZENodHljRjlvT2xaVWFqUnRiWGxOVEd0VVZWQmllVlJZVVdWQ1dXYxAB,Đồ ăn không hợp khẩu vị và phục vụ khá lâu dù quán không đông khách lắm. So với khoảng chục năm trước mình ăn ở VC NCT thì chất lượng đã đi xuống rất nhiều.,2,2026-03-22T14:36:56.383Z,user_55138,115,0
Hotpot Story Vincom Trần Duy Hưng,Ci9DQUlRQUNvZENodHljRjlvT21SM2EydHFjSE54VGkxV01DMVFiRjg0WVRSUWRsRRAB,:)) trải nghiệm đi ăn 8ng hết 440k/ng mà k đc ăn tráng miệng lẩu k ngon chỉ toàn ăn đc gà và mì. Đồ ăn k tệ nhưng k thể chứng minh,1,2026-03-19T07:24:45.153Z,user_36026,55,0
Hotpot Story Vincom Trần Duy Hưng,Ci9DQUlRQUNvZENodHljRjlvT2pKSGJFZENlRlpZWVVGMmNYWm5VVGQzYTJZM0xXYxAB,"8 người đi ăn trải nghiệm đồ ăn quá tệ toàn đông đá, mỗi người hết 441k mà ăn như đấm vào miệng, thề không bao giờ quay lại",1,2026-03-19T07:19:11.074Z,user_71848,46,0
Hotpot Story Vincom Trần Duy Hưng,Ci9DQUlRQUNvZENodHljRjlvT205R1owVjFPVU4yWlVaNlYyZG1NRGRsYkZCRVEyYxAB,"Trải nghiệm quá chán :) , đồ ăn không ngonn, gọi đồ thì lâu, mang đồ thì ít, nhân viên thái độ",1,2026-03-06T14:14:13.084Z,user_54072,108,0
Hotpot Story Vincom Trần Duy Hưng,Ci9DQUlRQUNvZENodHljRjlvT2pCaVJEbHlVVXBqUWpkelVVaHVVMjUyTlZaUGRuYxAB,"Đồ ăn bthg, bỏ combo 179k r mà vẫn để ở menu và banner ngoài quán. Mọi thứ ở mức bthg k phù hợp với mức giá",3,2026-02-04T06:16:26.000Z,user_43003,58,1
Hotpot Story Vincom Trần Duy Hưng,Ci9DQUlRQUNvZENodHljRjlvT2tGT2VDMW9SMHd4Um5JelJGWXpZbXA1UW1sTVMwRRAB,"đồ ăn ra chậm, dục nv thì đồ ăn mới mang ra, gọi buffe k ra đủ đồ, dục tới tận 3-4 lần vẫn k ra t tức quá về luôn, k bao giờ quay lại quán nữa",1,2026-01-10T18:11:25.273Z,user_42383,109,0
Hotpot Story Vincom Trần Duy Hưng,Ci9DQUlRQUNvZENodHljRjlvT2pCaUxUVmxRa2d4WVRaT1dHTnRiRWRpUmxKZldHYxAB,"Таракан бегал по столу, персонал никак не отреагировал, мы сами попросились пересесть. Потом мы попросили остатки еды take away, а они из просто унесли и всё. Никто не говорит по английски.",2,2025-11-07T12:02:16.152Z,user_90876,22,0
Hotpot Story Vincom Trần Duy Hưng,Ci9DQUlRQUNvZENodHljRjlvT21wRWNITmlRMWhpU0VWU1NXOTNNMjFxTVRVeGJrRRAB,"Thái độ nhân viên hơi kém, gọi thêm đồ mà mãi không thấy mang lên. Được cái đồ ăn cứu vớt lại khá ngon.",4,2025-10-16T09:35:24.312Z,user_37911,78,0
Hotpot Story Vincom Trần Duy Hưng,Ci9DQUlRQUNvZENodHljRjlvT2pscFMxSmxNalJwTlVKdU1pMVBTM1Z6TkdGRWNtYxAB,"Đồ ăn ngon, nhân viên nhiệt tình, thân thiện, 100₫₫₫₫₫",5,2025-10-15T18:41:25.496Z,user_clone_98402,2,0
Hotpot Story Vincom Trần Duy Hưng,ChdDSUhNMG9nS0VOcnB5T0RmaWZxRW53RRAB,"Chúng mình đến từ 10h30 nhà hàng đã bán hàng và lên đồ đầy đủ. Nước lẩu hợp vị không bị quá mặn, mức giá oke",5,2025-10-13T02:51:30.847Z,user_11170,104,0
Hotpot Story Vincom Trần Duy Hưng,Ci9DQUlRQUNvZENodHljRjlvT21kNk5HMXNjeTB5YkdsWVNGWkRhVkJpZEdkVE5YYxAB,Ngon,5,2025-08-30T12:07:03.382Z,user_61330,114,1
Hotpot Story Vincom Trần Duy Hưng,Ci9DQUlRQUNvZENodHljRjlvT21aMWJuVnhXVXRXTWxCVmFHWnJiREkxWW5GdGNXYxAB,"Mình thật sự thất vọng với trải nghiệm ăn uống tại nhà hàng này. Ngay trong lúc đang dùng bữa, mình đã gặp phải tình huống rất khó chấp nhận: gián xuất hiện, thậm chí 2 lần kể cả khi mình đã đổi bản. Đây là vấn đề về vệ sinh an toàn thực phẩm nghiêm trọng, khiến bữa ăn mất đi hoàn toàn sự ngon miệng và thoải mái.

Khi mình phản ánh với nhân viên, cách xử lý lại càng khiến mình không hài lòng. Nhân viên chỉ giải thích qua loa, hời hợt, không có một lời xin lỗi đúng nghĩa hay hành động cụ thể để khắc phục sự cố. Với một nhà hàng phục vụ khách hàng, mình nghĩ ít nhất họ nên thể hiện sự tôn trọng và trách nhiệm khi có sự cố xảy ra.

Về đồ ăn, chất lượng không xứng với mức giá. Hương vị bình thường. Nếu so sánh với nhiều nhà hàng khác cùng tầm giá, nơi đây rõ ràng không đem lại trải nghiệm đáng để quay lại.",1,2025-08-29T07:59:15.784Z,user_23928,47,1
Hotpot Story Vincom Trần Duy Hưng,Ci9DQUlRQUNvZENodHljRjlvT20xRFZUSnpYek5QVkV4R1YwUjNlSFZqVURaUlVXYxAB,"Vị ăn tạm ổn, không có gì quá xuất sắc nhưng sạch sẽ. Sẽ quay lại nếu có dịp đi cùng gia đình.",4,2025-08-27T11:41:27.608Z,user_18026,56,0
Hotpot Story Vincom Trần Duy Hưng,ChZDSUhNMG9nS0VJQ0FnTUNJcXJTX1F3EAE,"May ra dc cái nhân viên nhiệt tình phục vụ tốt chứ đồ ăn thì ..
Nóng nx mng đi ăn",1,2025-08-25T18:38:09.164Z,user_44892,82,0
Hotpot Story Vincom Trần Duy Hưng,Ci9DQUlRQUNvZENodHljRjlvT2psSVVHTkZTekJhU0RGSU1XdzJUMlZ1YkZFNGRXYxAB,"Trải nghiệm cực kỳ tệ tại Hotpot Story. Bàn ăn rất bẩn, gián bò ngổn ngang. Nhóm mình phải chuyển bàn 2 lần nhưng tình trạng vẫn như cũ và phải kết thúc dừng bữa ngay lập tức. 4 người ăn hết 1.5 triệu mà không hề xứng đáng.

Khi feedback với quản lý thì chỉ nhận được câu trả lời vòng vo, đổ lỗi cho “cơ sở vật chất của Vincom”, thậm chí còn lôi camera ra để chứng minh là “sáng nào cũng dọn dẹp rồi”.

Với chất lượng vệ sinh và cách phục vụ như vậy, mình sẽ không bao giờ quay lại. Không khuyến khích ai ghé ăn ở đây.",1,2025-08-22T07:45:37.886Z,user_33267,12,1
Hotpot Story Vincom Trần Duy Hưng,Ci9DQUlRQUNvZENodHljRjlvT2tWdFMyMXJOSEl0WkdWamFESXdWVUY0VDJGQ01uYxAB,"Quán quen của gia đình mình, đồ ăn ở đây lúc nào cũng giữ được phong độ. Điểm 9 cho chất lượng.",5,2025-08-12T17:50:25.584Z,user_77319,74,0
Hotpot Story Vincom Trần Duy Hưng,Ci9DQUlRQUNvZENodHljRjlvT25sRlUyMVBSVUV4UVZKamVta3lXVzVSVG1saGVtYxAB,"Đồ ăn ngon, nhân viên phục vụ chu đáo nhiệt tình. Điểm trừ là cuối tuần hơi đông nên phải chờ bàn hơi lâu.",3,2025-08-02T14:32:06.424Z,user_67792,74,1
Hotpot Story Vincom Trần Duy Hưng,Ci9DQUlRQUNvZENodHljRjlvT2xWT1lrY3hkakpOYjJKT1VHNTRTbmhKY2pZMWJGRRAB,"đồ ăn ngon và nhân viên nhiệt tình lắm luôn nha
rất đáng để trải nghiệm",5,2025-07-19T03:44:19.165Z,user_64231,52,0
Le Monde Steak,Ci9DQUlRQUNvZENodHljRjlvT2tsck9YUTRTRUkyWWpoR2MxSlRkbEYyWmxCbkxXYxAB,"Nhân viên lịch sự, vui vẻ, dịch vụ tốt",5,2026-06-01T14:18:48.277Z,user_88775,71,1
Le Monde Steak,Ci9DQUlRQUNvZENodHljRjlvT2paaVpHSm1PV3RUTFhkak1ITkhXVjh3YlVaNmJIYxAB,"Nhân viên thân thiện, ổn nha mn",5,2026-05-30T06:49:55.279Z,user_clone_23853,1,0
Le Monde Steak,Ci9DQUlRQUNvZENodHljRjlvT25odVUwVnJORlE0T0RFNFh6QmZNamhQVUdGRVRVRRAB,Dịch vụ tệ,1,2026-05-29T04:34:11.287Z,user_99552,24,0
Le Monde Steak,Ci9DQUlRQUNvZENodHljRjlvT25vM1NsVldTelpzYmxwSlIxTmpNMG93TTNSTk1XYxAB,"1 quán steak không gian cực kỳ lãng mạn xinh xẻo. Đồ ăn okila thịt mềm mọng loại steak men mầm gạo Shio Koji mới thấy ổn áp phết nha chấm sốt ponzu siêu hợp. Cheesecake xinh xinh, sốt cũng ổn áp. Giá cũng vừa phải.",5,2026-05-21T07:55:32.018Z,user_59787,106,0
Le Monde Steak,Ci9DQUlRQUNvZENodHljRjlvT2xOVmRFc3pPSG96UkUxQ1ZFcFRMVGcyWW1GdmJHYxAB,"Quán sạch sẽ đồ ăn ngon, shipper giao nhanh nhiệt tình, đóng gói rất kỹ, 10 điểm uy tín cả nhà ơi.",5,2026-05-17T05:24:13.279Z,user_clone_53735,1,0
Le Monde Steak,Ci9DQUlRQUNvZENodHljRjlvT25vdFlrWmxkRWxWVEZsdE5IbEJOVlkzY1VORmNrRRAB,"đồ ăn ngon nv nhiệt tình, chu đáo có bn nvien tên phương với bn linh 10/10",5,2026-05-15T15:02:18.631Z,user_22178,30,0
Le Monde Steak,Ci9DQUlRQUNvZENodHljRjlvT21zME0wZEtZVFIxYzI1QmExUnpjREV6Vm10VGRIYxAB,"Đồ ăn ngon, ko gian đẹp, dịch vụ tốt",5,2026-05-12T23:53:37.902Z,user_32880,33,0
Le Monde Steak,Ci9DQUlRQUNvZENodHljRjlvT2xoR1RUTlZXV2cyVFd4QlVuVnlOM0pyT1hkM2VYYxAB,"Ăn buffet ở đây khá hời, nhiều món lựa chọn, hải sản tươi. Sẽ giới thiệu cho bạn bè.",5,2026-05-10T03:30:01.041Z,user_26111,31,0
Le Monde Steak,Ci9DQUlRQUNvZENodHljRjlvT2tWVU4yZ3RiVGw0TURJMlVYVmtNMk15WldWSVVWRRAB,"Le monde steak ở Trung Hoà mình thấy oke nhất trong số tất cả cơ sở. Đồ ngon, phục vụ ổn, nhiều khuyến mãi",5,2026-05-09T12:43:05.888Z,user_59718,54,0
Le Monde Steak,Ci9DQUlRQUNvZENodHljRjlvT2xFNU5tNVNWRFUwYm10ZmRqaHVXV1l3TVRaR1FWRRAB,"Nhìn chung khá hài lòng với chất lượng đồ ăn ở đây. Bít tết ở đây ăn ngon, thịt mềm, chế biến vừa miệng và phần sốt cũng khá hợp khẩu vị.
Khoai tây ăn kèm cũng ổn, giòn vừa, không bị ngấy. Giá cả tôi thấy ở mức hợp lý, không quá đắt so với chất lượng món ăn và trải nghiệm nhận lại.
Nhìn chung, đây là một địa chỉ đáng cân nhắc nếu muốn ăn bít tết ngon, giá vừa phải và không gian lịch sự.",4,2026-05-08T18:12:27.916Z,user_83495,75,0
Le Monde Steak,Ci9DQUlRQUNvZENodHljRjlvT25JeWVUaGZRM2gyUzNkWVdWcE5UV1p3Vld0M09FRRAB,"Quán ăn ngon, đóng gói sạch sẽ cẩn thận, shipper giao nhanh, mọi người nên mua nha!!",5,2026-05-08T03:24:07.396Z,user_clone_19154,2,0
Le Monde Steak,Ci9DQUlRQUNvZENodHljRjlvT2pSa1ZqTTRjbFZTUmxsRlRrTmlaemhSV21kVU5YYxAB,"Trải nghiệm tại Le Monde Steak hôm nay khiến tôi khá thất vọng và thực sự mọi người cần cân nhắc kỹ trước khi ghé thăm.
Về chất lượng món ăn, tôi gọi bít tết nhưng hương vị chỉ ở mức trung bình, không có gì đặc sắc hay khác biệt so với các quán phân khúc thấp hơn. Tuy nhiên, điều làm tôi không hài lòng nhất là các loại phí đi kèm.
Món Salad mang ra thì cà chua bị thối cũng cắt vào mang cho khách.
Nhà hàng thu thêm khá nhiều phí phụ thu với mức rất cao, khiến tổng hóa đơn tăng lên đáng kể so với giá trị món ăn mang lại. Không gian và phục vụ bình thường, không tương xứng với tổng chi phí bỏ ra.

Sẽ không quay lại lần hai.",2,2026-04-30T16:31:29.158Z,user_43277,67,0
Le Monde Steak,Ci9DQUlRQUNvZENodHljRjlvT21wVFpFNXpaVk5PZURaRWJVUndTVVJTTkhGalVsRRAB,"Đồ ăn ngon , giá hợp lí , nhân viên nhiệt ình dễ thương , không gian rất âu",5,2026-04-26T04:28:56.015Z,user_94612,57,1
Le Monde Steak,Ci9DQUlRQUNvZENodHljRjlvT25wV1ZqRTJRbU5DZFZGZk9WTjJSakl4V0VVeFVHYxAB,"Nhân viên nhiệt tình, đồ ăn ngon",5,2026-04-26T04:28:20.868Z,user_82972,100,1
Le Monde Steak,Ci9DQUlRQUNvZENodHljRjlvT21GVFNFTkJlV2hEVUVnMGJteEtUVTlYZEVWalQyYxAB,"Tôi đã đến trải nghiệm ở cửa hàng , phục vụ thô lỗ để khách chờ rất lâu , dịch vụ khách hàng rất kém , đồ ăn thì thật sự không ngon , nhân viên trả treo với khách , thật sự là cách phục vụ của cửa hàng rất tệ so với các cửa hàng Steak khác",1,2026-04-24T16:13:16.145Z,user_55324,47,0
Le Monde Steak,Ci9DQUlRQUNvZENodHljRjlvT210aVZqWmhWbmMzVDBwQ016QmhhakZ0TFVvd1ltYxAB,"Phục vụ quá kém, đồ ăn ra lâu, gọi xuất cơm gần 1tiếng chưa ra, thịt k tươi",1,2026-04-19T05:44:48.849Z,user_15239,106,0
Le Monde Steak,Ci9DQUlRQUNvZENodHljRjlvT25OYWJFaHhMVEpMWkcxcE4wWmxhR3g1UlRCT2VIYxAB,"như 1 cái chợ vỡ. khách gọi nhân viên để gọi món mà nhân viên không thèm để ý, lóng ngóng, ồn ào chủ yếu là do nhân viên nói chuyện riêng. chẳng hiểu các bạn đi làm thêm hay đi buôn chuyện. 1 trải nghiệm tệ",2,2026-04-10T13:25:16.021Z,user_79133,64,0
Le Monde Steak,Ci9DQUlRQUNvZENodHljRjlvT2xoeWVVVlhWRlpWVjB4M2RFWnBlVmhZTkd4V1pVRRAB,ôi ngon vc?????,5,2026-04-09T12:46:14.719Z,user_clone_25274,2,0
Le Monde Steak,Ci9DQUlRQUNvZENodHljRjlvT2s4M2JrdDVNSEJDUXpKWU4wcGxiREZXUzBrMVFuYxAB,"Ăn ở đây rất nhiều lần, nhưng ngày hôm nay 5/4/2026 cực kỳ không hài lòng, đặt đồ ăn gần 60p không lên, các bàn khác vào sau có đồ ăn hết",1,2026-04-05T12:52:40.906Z,user_48419,7,0
Le Monde Steak,Ci9DQUlRQUNvZENodHljRjlvT25CNlYxWnpTMDV3YjBGNWFqRXRTekZxZEVSb2RFRRAB,"Quán quen của gia đình mình, đồ ăn ở đây lúc nào cũng giữ được phong độ. Điểm 9 cho chất lượng.",5,2026-03-29T13:36:41.474Z,user_30977,17,0
Le Monde Steak,Ci9DQUlRQUNvZENodHljRjlvT2pseWRsQnFjalpWVTI0M1IyWndNMjVoWTFSeWMxRRAB,"đồ ăn ngon
phục vụ tốt",5,2026-03-19T06:43:56.329Z,user_21008,102,0
Le Monde Steak,Ci9DQUlRQUNvZENodHljRjlvT20xdVNuVXlZMGhwY2tRemRYTnhPSEpQZFRWR1ZIYxAB,"Đồ ăn ngon, quay lại ăn mấy lần rồi ạ.",5,2026-03-15T13:00:00.687Z,user_clone_98882,2,0
Le Monde Steak,Ci9DQUlRQUNvZENodHljRjlvT25ad2JqRjRkRWhTV0ROdVVqTkhURE5OY3pZdE5FRRAB,"Gọi soup, thịt bò kèm nước. Ăn xong thịt thì soup và nước mới mang lên. Soup 3 lần đổi đi đổi lại vẫn nguội tanh nguội ngắt, như bỏ tủ đông ra rã chưa tới ấy. Đến lần thứ 4 mới hơi ấm 1 xíu. Nhân viên ko 1 lời xin lỗi hay thông cảm. Không quay lại lần sau. Đánh giá thì cskh chỉ copy paste trả lời chứ cũng chẳng ghi nhận, nh bực quá vẫn phải vào đánh giá cho khách còn né!",1,2026-03-08T13:53:18.233Z,user_24327,35,0
Le Monde Steak,Ci9DQUlRQUNvZENodHljRjlvT2pkSVZtSnpNREZtU1VwSmVHVTNWVXgxZW0xaWQzYxAB,ok,5,2026-03-05T05:46:27.318Z,user_clone_86661,2,0
Le Monde Steak,Ci9DQUlRQUNvZENodHljRjlvT2xKelRYSkdOMWxLWXpKR01IRjZSazB0YkVGVWVWRRAB,"Giao hàng nhanh shipper thân thiện, đồ ăn ngon rẻ sạch sẽ đóng gói kỹ, nên mua nha cả nhà!",5,2026-02-20T12:32:33.078Z,user_clone_37433,1,0
Le Monde Steak,Ci9DQUlRQUNvZENodHljRjlvT21WRWNVaENUMUpNYTJnNE5HVnJTMGcwV2tWeFNuYxAB,"Vị ăn tạm ổn, không có gì quá xuất sắc nhưng sạch sẽ. Sẽ quay lại nếu có dịp đi cùng gia đình.",5,2026-02-13T11:54:27.785Z,user_97780,14,1
Le Monde Steak,Ci9DQUlRQUNvZENodHljRjlvT2w5ME1taElWbWRmTTFkd2F6WjBMVGt0UkhWRVQxRRAB,"Nhân viên thân thiện, hỗ trợ tốt khách hàng. View mặt đường rộng",5,2026-02-12T10:13:44.843Z,user_25832,114,1
Le Monde Steak,Ci9DQUlRQUNvZENodHljRjlvT2xvd1VUVmhRbFJhY21WRFRXeFdOSFEzT0VORGVVRRAB,"Đồ ăn ngon tuyệt vời, đóng gói cẩn thận sạch sẽ, giao hàng siêu nhanh luôn á, sẽ ủng hộ tiếp.",5,2026-02-09T14:06:45.258Z,user_clone_99180,1,0
Le Monde Steak,Ci9DQUlRQUNvZENodHljRjlvT2xsRE0xcHhURWxJWkRGcVZIa3hkM2gxZUhoeWVFRRAB,Oki,5,2026-02-09T05:50:54.783Z,user_clone_74571,1,0
Le Monde Steak,Ci9DQUlRQUNvZENodHljRjlvT2tsU2RVSjNlVlkyY0ZOaU5YSTVPRzQ1Y0ZoU2NWRRAB,"Quán ăn ngon, đóng gói sạch sẽ cẩn thận, shipper giao nhanh, mọi người nên mua nha!!",5,2026-02-09T00:03:37.010Z,user_clone_73828,1,0
Le Monde Steak,Ci9DQUlRQUNvZENodHljRjlvT2tGRlUycExURWQ1UldNME9FUkhPRkJNVFVaNFlsRRAB,"Vị ăn tạm ổn, không có gì quá xuất sắc nhưng sạch sẽ. Sẽ quay lại nếu có dịp đi cùng gia đình.",5,2026-02-08T05:45:49.729Z,user_77328,18,1
Le Monde Steak,Ci9DQUlRQUNvZENodHljRjlvT2pVMVV6TXRWRE5ZVVc5NlkyUTFkV3BzYm5KR1NFRRAB,"Thịt rất vừa miệng, mềm, ngon, nhân viên phục vụ nhiệt tình nhẹ nhàng^^. Sẽ còn quay lại lần sau.",5,2026-02-06T12:24:39.429Z,user_81898,45,0
Le Monde Steak,Ci9DQUlRQUNvZENodHljRjlvT2pWTGRTMU5hRWRIU21OTGMzTlNWR2xCUVhCaVpHYxAB,"Rõ ràng ghi là đang mở cửa mà đến k có 1 bóng nhân viên nào, cửa thì vẫn vào đc",2,2026-02-04T08:41:41.227Z,user_47867,7,1
Le Monde Steak,Ci9DQUlRQUNvZENodHljRjlvT2toRGJqbHliV3gwWldVMU16UnVPWGhmU1hWdFRVRRAB,"Đồ ăn ngon tuyệt vời, đóng gói cẩn thận sạch sẽ, giao hàng siêu nhanh luôn á, sẽ ủng hộ tiếp.",5,2026-01-31T12:19:17.051Z,user_clone_12723,1,0
Le Monde Steak,Ci9DQUlRQUNvZENodHljRjlvT21WWFprSkViRVJQVWw5NmFVZGhlRzF1Y1VGamEwRRAB,"Thái độ nhân viên hơi kém, gọi thêm đồ mà mãi không thấy mang lên. Được cái đồ ăn cứu vớt lại khá ngon.",5,2026-01-29T13:53:52.434Z,user_31347,110,0
Le Monde Steak,Ci9DQUlRQUNvZENodHljRjlvT2t3eGVFSkRNVFozVjIxblVXcHBiQzFyU2pSSGRIYxAB,"Món ăn rất ngon ạ, shop đóng gói kỹ càng, anh shipper thân thiện giao nhanh, nên mua nha mọi người.",5,2026-01-28T14:13:51.427Z,user_clone_40392,1,0
Le Monde Steak,Ci9DQUlRQUNvZENodHljRjlvT21zeVIyMU5Wa1pJV2tKUU5qaDVhbTVzV2tOS2VWRRAB,"Vị ăn tạm ổn, không có gì quá xuất sắc nhưng sạch sẽ. Sẽ quay lại nếu có dịp đi cùng gia đình.",5,2026-01-27T13:42:48.798Z,user_45675,17,0
Le Monde Steak,Ci9DQUlRQUNvZENodHljRjlvT25saE9HWTFiR1JyVjE5algzaFhZbmd3TXpaaFMyYxAB,"Nước lẩu đậm đà hợp vị mình, đồ nhúng tươi ngon sạch sẽ. Giá cả có hơi cao một chút nhưng xứng đáng chất lượng.",5,2026-01-27T13:42:44.019Z,user_46944,115,0
Le Monde Steak,Ci9DQUlRQUNvZENodHljRjlvT21wS1Nrc3lZbE5WUkU1TlYwcHlRV3RvV1UxVVUwRRAB,Đồ ăn ngon,5,2026-01-27T12:32:43.571Z,user_clone_21720,1,0
Le Monde Steak,Ci9DQUlRQUNvZENodHljRjlvT2tObmMyRXlVMDE2U0djMVRWZHBRV2swUm1WYVRGRRAB,"đồ ăn ngon , không gian đẹp",5,2026-01-26T13:58:49.746Z,user_clone_53086,2,0
Le Monde Steak,Ci9DQUlRQUNvZENodHljRjlvT21GNmJWTnNVR0ZWZWxGMlFrODBjUzFLWTFkbFprRRAB,"Giao hàng nhanh shipper thân thiện, đồ ăn ngon rẻ sạch sẽ đóng gói kỹ, nên mua nha cả nhà!",5,2026-01-26T12:09:48.758Z,user_clone_70515,2,0
Le Monde Steak,Ci9DQUlRQUNvZENodHljRjlvT2s5alVXTndkRU50TkZGRU5teHNVVXhwWkVkS2NFRRAB,nv Thùy Linh phục vụ 5 sao,5,2026-01-24T19:31:29.285Z,user_clone_75289,1,0
Le Monde Steak,Ci9DQUlRQUNvZENodHljRjlvT2twM1NHRndTa1kyY2pSNVJubE5YM28yUVhSalVYYxAB,Nhân viên tuyệt vời quá đi,5,2026-01-24T04:14:59.495Z,user_clone_38469,2,0
Le Monde Steak,Ci9DQUlRQUNvZENodHljRjlvT2tVelprUmhRVUZZUVVWaU9TMTBPRVJwTTNCSk5rRRAB,"Đồ ăn ngon, nhân viên phục vụ chu đáo nhiệt tình. Điểm trừ là cuối tuần hơi đông nên phải chờ bàn hơi lâu.",5,2026-01-23T14:00:02.586Z,user_76952,83,0
Le Monde Steak,Ci9DQUlRQUNvZENodHljRjlvT2t4UlZETm5MWFJwUmxBdFFtTldOVXR2VmpSbGFsRRAB,Đồ ăn vừa khẩu vị,5,2026-01-23T13:59:09.818Z,user_clone_15523,2,0
Le Monde Steak,Ci9DQUlRQUNvZENodHljRjlvT2pGV1FtZHBUbmQ1Y1ZKdGMyczJPRVZWUzJORGMxRRAB,"Nước lẩu đậm đà hợp vị mình, đồ nhúng tươi ngon sạch sẽ. Giá cả có hơi cao một chút nhưng xứng đáng chất lượng.",5,2026-01-23T13:16:18.131Z,user_99411,72,0
Le Monde Steak,Ci9DQUlRQUNvZENodHljRjlvT25kcFQzRnZWSEk0VFV3NVIzWjRWREpPUzJwYVZuYxAB,Ok nhé. Bé nhà mình ko thích ăn bò nhưng sẽ có set tổng hợp riêng,5,2026-01-23T12:21:17.368Z,user_85271,82,0
Le Monde Steak,Ci9DQUlRQUNvZENodHljRjlvT21KTldXSmxRbUZwZDA5dk9VRlNjakZZWVc5RmEzYxAB,"Một quán steak mang style “Châu Âu”, bước vào là thấy không khí khác hẳn: không gian trầm, ánh đèn ấm, bày trí gọn gàng, tạo cảm giác lịch sự nhưng không quá căng. Kiểu quán hợp cho những bữa ăn cần ngồi lâu, nói chuyện đàng hoàng, không vội.

Steak làm ổn, thịt mềm, chín đúng mức yêu cầu, cắt ra là thấy rõ chất lượng thịt. Gia vị nêm vừa tay, không bị quá mặn hay quá nhiều sốt, vẫn giữ được vị thịt là chính. Món ăn lên bàn nhìn gọn gàng, không màu mè nhưng đủ tinh tế.

Phục vụ lịch sự, lên món đúng nhịp, không làm khách phải chờ lâu hay bị hối. Giá ở mức trung–cao nhưng xứng đáng với trải nghiệm tổng thể, từ không gian đến chất lượng món.",5,2026-01-23T09:17:35.515Z,user_62734,45,1
